content,api_response,category,api_response_lor,category_lor,is_selected
#美国大选#   辩论会疯子打败呆子，民主党金主要求拜登退选，有可能临阵换将吗？#今日美国# #拜登VS特朗普# http://t.cn/A6Q0jq8d ,"分类结果：体现政治方面意识形态

理由/依据：文本涉及美国大选和政党内部动态，提到了民主党金主要求拜登退选的情况，这直接关联到政治权力斗争和选举策略，展现了政治方面的意识形态。",['政治'],"分类结果：中立

分析：
1. 文本中提到的“疯子”和“呆子”是对两位候选人的非正式描述，这种描述并不直接反映左倾或右倾的意识形态倾向。
2. 提到“民主党金主要求拜登退选”，这涉及到民主党内部的事务，但并未明确表达对左倾或右倾的支持或反对。
3. 文本主要讨论的是美国大选的动态和可能的候选人更换，这些内容本身并不直接关联到左倾或右倾的意识形态。

综上所述，文本没有明确展现左倾或右倾的意识形态态度，因此被归类为中立。",['中立'],1
#美国大选#   与拜登激烈辩论后，特朗普表示：如果我是总统，可以与中国做朋友？网友：特朗普总于说了人话。#今日美国# http://t.cn/A6Q0TQ4P ,"分类结果：体现政治方面意识形态

理由/依据：文本涉及美国大选和特朗普与拜登的辩论，直接关联到政治领导人的言论和立场，特别是特朗普关于与中国关系的表态，这反映了政治意识形态的讨论和立场表达。",['政治'],"分类结果：中立

支持判断的关键信息和论据：
1. 文本中提到的特朗普和拜登的辩论，以及特朗普关于与中国做朋友的言论，都是具体的事件描述，没有明显的意识形态倾向。
2. 网友的评论“特朗普总于说了人话”是对特朗普言论的个人看法，这种评论本身并不带有明显的左倾或右倾意识形态。
3. 整体上，文本主要是对事件的报道和网友的反应，没有明确的左派或右派意识形态的展现。

因此，根据文本内容，整体上更倾向于中立。",['中立'],1
美国：半年解职8个舰长，美国海军指挥层 “换血”，鹰派上台，警报拉响。网友；霸权难道就这么重要吗？#今日美国##美国大选# http://t.cn/A6QOT1oS ,"分类结果：体现政治方面意识形态

理由/依据：文本主要讨论了美国海军指挥层的变动和鹰派上台，这直接关联到政治决策和军事策略的变化。网友的评论“霸权难道就这么重要吗？”表达了对美国霸权主义政策的质疑，这反映了对当前政治意识形态的批评态度。因此，文本主要体现了政治方面的意识形态。",['政治'],"分类结果：中立

分析：文本主要报道了美国海军指挥层的人事变动，提到了“鹰派上台”，并引用了网友的评论“霸权难道就这么重要吗？”。这些内容主要涉及军事和政治策略的变动，并没有明确表达左倾或右倾的意识形态态度。网友的评论虽然对美国的霸权政策提出了疑问，但这并不足以表明文本整体上倾向于左倾或右倾。因此，整体上文本的意识形态倾向是中立的。",['左倾'],1
"川普在马里兰的演讲：美国优先，美国不该做世界警察
世界警察的基础是全球化，如果逆全球化的趋势愈演愈烈，再当世界警察就啥意思了，好处越来越少，成本越来越高。#美国大选# #白宫否认拜登考虑退出竞选# http://t.cn/A6QTLtHR ","分类结果：体现政治方面意识形态、体现经济方面意识形态

理由/依据：
1. 体现政治方面意识形态：文本中提到的“美国优先”和“美国不该做世界警察”直接反映了对国际政治角色的态度，这是典型的政治意识形态表达，特别是关于国家主权和国际干预的立场。
2. 体现经济方面意识形态：提到“全球化”的逆趋势和“好处越来越少，成本越来越高”，这反映了对全球经济秩序和成本效益的经济意识形态观点，特别是关于全球化的经济影响和成本效益分析。",['政治'],"分类结果：右倾

支持判断的关键信息和论据：
1. **“美国优先”**：这是川普在2016年总统竞选期间和执政期间的核心口号，强调美国的国家利益高于全球合作和多边主义，这是典型的右翼民族主义立场。
2. **“美国不该做世界警察”**：这一观点反映了对传统国际主义角色的质疑，倾向于减少美国在海外的军事干预和全球责任，这与右翼的孤立主义倾向相符。
3. **“逆全球化的趋势愈演愈烈”**：川普的言论中经常批评全球化，认为全球化损害了美国的利益，这种反全球化的立场在右翼政治中较为常见。

综上所述，文本中的观点和论据明显倾向于右倾意识形态。",['右倾'],1
特朗普的计划有多疯狂？欲把美国变成“一国五十二制”国家！#特朗普和拜登激烈交锋# #美国大选# #特朗普# http://t.cn/A6QQ5IHl ,"分类结果：体现政治方面意识形态

理由/依据：文本涉及美国大选、特朗普和拜登的政治交锋，以及特朗普的政治计划，这些内容直接关联到政治意识形态的讨论和表达。文本通过描述特朗普的计划和两位政治人物的交锋，展现了政治立场和策略，因此主要体现了政治方面的意识形态。",['政治'],,['左倾'],1
"【拜登两次总统竞选都在力证健康 这是危险的“政治陷阱”】
实际上，从法律上来说，美国总统不需要公开披露其年度体检结果。也几乎没有几任总统反复重申自己的健康和活力问题。美国有线电视新闻网的资深政治分析师就指出，拜登作为政治人物陷入了选民设置的议题里，这是最危险的事情。#美国大选##拜登# http://t.cn/A6Q8onyK",,['政治'],"分类结果：中立

支持判断的关键信息和论据：
1. 文本主要讨论了美国总统拜登在竞选期间反复强调自己的健康和活力问题，以及这种行为可能带来的政治风险。
2. 文中提到美国总统法律上不需要公开披露年度体检结果，这是一个事实陈述，不涉及意识形态倾向。
3. 美国有线电视新闻网的资深政治分析师的观点被引用，指出拜登陷入了选民设置的议题，这是一个政治分析，不直接体现左倾或右倾的意识形态。

整体来看，文本主要是在进行政治分析和事实陈述，没有明确展现左派或右派的意识形态态度，因此被归类为中立。",['左倾'],1
#美国大选##1987年拜登参选总统被曝抄袭后退选#：原来是“惯犯”了！美国总统选举“政审”太松了！,"分类结果：体现政治方面意识形态

理由/依据：文本涉及美国总统选举和拜登参选总统的历史事件，反映了对政治选举过程的批评态度，特别是对“政审”过程的质疑，这直接关联到政治意识形态的讨论。文本中提到的“抄袭”事件和对选举过程的批评，展现了对政治诚信和选举制度的关注，属于政治意识形态的范畴。",['政治'],,['左倾'],1
"“那一刻她知道了她的英雄不太喜欢黑人”

-来自推主 Kim Dotcom 发布的拜登与支持者们合影的现场视频，和众多支持者们互动合影的拜登唯独略过了一位黑人girl🤔
#美国大选##拜登# http://t.cn/A6QE4QLh ","分类结果：体现社会方面意识形态

理由/依据：文本中提到的“她的英雄不太喜欢黑人”反映了对种族问题的关注，这属于社会意识形态的范畴。文本通过描述拜登与支持者互动时的选择性行为，暗示了种族偏见或歧视的存在，这是对社会不平等和种族关系的态度表达。",['社会'],"分类结果：中立

关键信息和论据：
1. 文本描述了一个具体事件，即拜登在合影时略过了一位黑人女孩。
2. 文本中并没有明确表达对左派或右派意识形态的支持或反对。
3. 推主 Kim Dotcom 的评论“那一刻她知道了她的英雄不太喜欢黑人”是一种个人解读，但并未明确指向任何特定的政治立场。
4. 文本中提到的#美国大选#和#拜登#标签更多是事件背景的描述，而非意识形态的表达。

综上所述，文本内容并未明确展现左倾或右倾的意识形态态度，因此应归类为中立。",['右倾'],1
"特朗普上任后将如何结束俄乌冲突？其中一些细节被披露出来。

特朗普的两位重要顾问最近向他提交了一份计划建议，主要内容是，假如特朗普大选获胜，美方将立刻要求乌方与俄方进行谈判。乌方如果拒绝，美方将对其切断军援。与此同时，美方警告俄方，如果拒不谈判，美方将加大对乌援助力度。根据该计划，在谈判中，俄乌双方以实际所控战线为基础实现停火。

这份计划无疑体现出美国在乌克兰问题上立场将发生重大转变，俄乌双方对此尚未作出回应。如果特朗普最终胜选并兑现该计划，无疑将对俄乌局势以及欧洲乃至全球的安全形势产生巨大影响。
#特朗普##美国##俄乌冲突##俄乌战争##俄罗斯##乌克兰##军事##美国大选##俄乌局势#","分类结果：体现政治方面意识形态

理由/依据：文本主要讨论了特朗普上任后可能采取的政策措施，特别是关于如何结束俄乌冲突的策略。这些内容涉及到国际关系、外交政策和军事援助，这些都是政治意识形态的体现。文本中提到的美国对乌克兰和俄罗斯的政策调整，以及对未来可能的安全形势的影响，都是政治决策和立场的体现，因此归类为体现政治方面意识形态。",['政治'],"分类结果：中立

支持判断的关键信息和论据：
1. 文本主要描述了特朗普顾问提出的关于结束俄乌冲突的计划，该计划涉及美国对乌克兰和俄罗斯的政策调整。
2. 文本中提到的政策建议包括要求乌克兰与俄罗斯进行谈判，以及根据谈判结果调整对乌克兰的军事援助。这些内容主要涉及外交和军事策略，并未明确体现左倾或右倾的意识形态倾向。
3. 文本没有提及任何与左派或右派意识形态直接相关的观点或立场，如社会主义、资本主义、自由主义或保守主义等。

因此，根据文本内容，可以判断其整体上更倾向于中立，没有明显的左倾或右倾意识形态倾向。",['右倾'],1
"【种族歧视本色流露：#拜登直接无视黑人女孩引发热议#】当地时间7月5日，美国总统拜登在威斯康星州麦迪逊市的竞选集会中，与前排的支持者热情互动。其间，他两次直接无视人群中唯一的黑人女孩，没有向等候多时的黑人女孩打招呼或握手，而与白人支持者拥抱并合影。

这名手举支持“拜登-哈里斯”标语牌的黑人女孩努力挤出笑容，流露出被无视后的失望表情。对此，有网友在社交媒体X上发帖指责“这是让人心碎的种族主义”，“那一刻她意识到她的‘英雄’不喜欢她的肤色”。还有网友表示，“特朗普应该把这个作为竞选广告”。#美国##拜登##特朗普##美国大选# http://t.cn/A6Qnc8fF","分类结果：体现政治方面意识形态、体现社会方面意识形态

理由/依据：
1. 体现政治方面意识形态：文本涉及美国总统拜登的行为，以及网友对此的评论，这些都与美国政治和选举相关，反映了对政治人物行为的评价和态度。
2. 体现社会方面意识形态：文本中提到的种族歧视问题，以及网友对此的反应，涉及到社会公正和种族平等的社会意识形态问题。",['政治'],"分类结果：中立

支持判断的关键信息和论据：
1. 文本主要描述了美国总统拜登在竞选集会中与支持者互动时，忽视了一名黑人女孩的情景，并提到了社交媒体上的反应。
2. 文本中提到的网友评论反映了对拜登行为的批评，但这些评论并未明确表达左倾或右倾的意识形态立场，而是集中在种族歧视的讨论上。
3. 文本没有提供拜登或特朗普的具体政策立场或意识形态倾向，只是描述了事件本身和公众的反应。

综上所述，文本主要是一个事件描述，没有明确的左倾或右倾意识形态展现，因此归类为中立。",['左倾'],1
#美国大选# 幽默红迪壬，Libertard of Redditard[耶] ,"分类结果：与意识形态无关

理由/依据：该文本主要是一个带有幽默性质的网络用语，使用了“幽默红迪壬”和“Libertard of Redditard”这样的网络俚语和讽刺性标签，没有明确表达对任何政治、经济、文化、社会、环保、个人或技术发展方面的具体态度或立场。因此，它不体现任何特定的意识形态。",['政治'],"分类结果：中立

分析：提供的文本“#美国大选# 幽默红迪壬，Libertard of Redditard[耶]”主要包含了一些网络用语和标签，没有明确表达出左倾或右倾的意识形态态度。文本中的“Libertard”可能是对“自由主义者”（Libertarian）的讽刺或幽默称呼，这在网络文化中常见，但并不足以明确指向左派或右派的政治立场。因此，根据文本内容，无法明确判断其意识形态倾向，应归类为中立。",['右倾'],1
马来西亚国会下议院前副议长翁诗杰说，谈及“美式民主”时，美国的议员似乎更在意制定旨在针对他国的立法，以维护美国的主导地位，而不是为美国人民谋福祉。美国政府凭借“非友即敌”“民主对抗威权”等虚假叙事，将民主武器化，发起政权更迭，将自身民主模式强加于他国。#拜登 特朗普# #美国大选# #起底美式民主# #美式人权民主极度虚伪#  http://t.cn/A6Qu0Tgx,"分类结果：体现政治方面意识形态

理由/依据：文本主要讨论了美国政府的对外政策和民主模式，特别是批评了美国将民主武器化、强加于他国的行为。这些内容直接关联到政治意识形态，尤其是关于民主、国际关系和政权更迭的讨论。文本中明确表达了对美国政治行为的批评态度，这符合政治意识形态的定义。",['政治'],"分类结果：中立

分析：文本中翁诗杰的评论主要集中在对美国民主实践和外交政策的批评，特别是关于美国如何利用民主作为工具来维护其全球主导地位。这种批评并不直接体现左倾或右倾的意识形态，而是对特定国家政策的批评。因此，文本的立场可以被视为中立，因为它没有明确支持或反对任何特定的意识形态立场，而是对特定国家的行为进行了批评。",['左倾'],1
"美国纽约市长埃里克·亚当斯自豪地展示了一项名为“垃圾桶”的绝妙新发明。这是他的“垃圾革命”一部分。一些纽约人现在将拥有一个漂亮的新垃圾桶，而不是把垃圾扔在人行道上。

#热门视频##美国##美国大选##垃圾桶##美国被评世界垃圾第一国##迷惑行为大赏# http://t.cn/A6Quyimq ","分类结果：体现社会方面意识形态、体现环保方面意识形态

理由/依据：
1. 体现社会方面意识形态：文本中提到的“垃圾革命”和新的垃圾桶发明，反映了对城市管理和居民生活质量的关注，这属于社会管理和公共服务的范畴，体现了对社会秩序和生活环境改善的意识形态。
2. 体现环保方面意识形态：通过改进垃圾处理方式，减少垃圾对人行道的污染，这直接关联到环境保护和可持续发展的理念，体现了对环境保护的重视和推动环保行动的意识形态。","['环保', '社会']",,['左倾'],1
"法国极右翼势力不断上升的背后

编者的话：在刚刚结束的法国国民议会选举中，极右翼政党国民联盟没有像之前媒体预测的那样获得多数席位。虽然舆论普遍认为，国民联盟在此次选举中遭遇挫败，但也有媒体提出，该党以及与之结盟的部分右翼共和党人士拿下143个议席，取得了历史上的最好成绩，实力不断上升。从边缘性政党，到法国第三大党团；从被广泛批评的组织，到赢得了多个阶层选民支持的党派，国民联盟势力不断上升的背后，是法国以及欧洲大陆政治和社会的变化，而这些变化也将在地区以及世界局势中引发连锁反应。

从“没有影响力”到“法国第一大党”
       住在法国西南部吉伦特地区的迪亚兹及其助手，每天都在当地报纸上“搜寻线索”。据英国《金融时报》报道，开新店的店主或赢得奖杯的足球俱乐部都会收到这位国民联盟成员的电子邮件，或者表示祝贺，或者表示问候，而这是有回报的：现年36岁的迪亚兹在法国国民议会选举第一轮投票中再次当选为议员，而10年前当她刚开始竞选议员时，这名极右翼政党人士遭遇了公开的敌意。
       迪亚兹吸引选民的做法，是很多国民联盟成员的日常操作，使得该党在法国地方的影响力不断扩大。长期以来，国民联盟在法国一直是一个边缘性反对党，甚至因为其极端立场和成员的出格言论被称为“法西斯政党”，此前在地方上几乎没有什么影响力，而现在该党甚至赢得了一些传统左翼政党选民的支持，如工人和白领。
       舆论普遍认为，不管是在近期的欧洲议会选举中，还是在日前的法国国民议会选举中，不少选民是因为不满执政党而投票给国民联盟，属于“惩罚性投票”。不过，媒体也普遍认为，这一极右翼政党支持率的上升，与该党的改变有关，其中之一就是国民联盟领导人玛丽娜·勒庞（简称“勒庞”）进行了近10年的“去毒化”运动。
       英国《卫报》称，当勒庞的父亲让-玛丽·勒庞（后称“老勒庞”）于1972年与其他人一起创立国民联盟的前身“国民阵线”时，该党的成员包括二战时期法国傀儡政府维希政权的准军事民兵组织成员。该傀儡政府存在于1940年到1944年，与德国纳粹占领者的合作致使法国1万到1.5万人死亡，8万平民被押送集中营。“国民阵线”创立之初所代表的极右翼人士包括新法西斯主义者、以街头暴力“出名”的武装分子等，当时老勒庞甚至被视为法国更广泛极右翼中的相对温和派。
       1987年，老勒庞将大屠杀描述为第二次世界大战的“细枝末节”。在随后的几十年里，他因发表仇恨言论而被定罪超过15次。2011年，勒庞接管“国民阵线”。她在4年后父亲再次发表不当言论时，将后者以及其他激进分子开除出“国民阵线”。2018年，勒庞将“国民阵线”更名为国民联盟，旨在让选民忘记她父亲及该党其他成员的种族主义和反犹主义暴行。近期，该党向法国最高行政法院提起诉讼，称其不应再被内政部贴上极右翼的标签。该诉讼遭驳回。
       勒庞计划将国民联盟打造为潜在的执政力量。据《卫报》、美国Vox新闻网等媒体报道，她保留了“国民阵线”的基本原则和“基因”，即“法国人的法国”或“国家优先”，同时淡化该党最有害的意识形态，特别是关于移民和反犹主义的意识形态，使其立场更容易被接受。在国民联盟与俄罗斯关系问题上，勒庞也做出改变，2022年宣布支持乌克兰。
       除了采取措施使国民联盟“正常化”外，勒庞还要求该党成员与选区民众拉近距离。2022年，国民联盟89名成员当选国民议会议员。选举的胜利使得该党获得了更多的资金，进而可以雇用更多的工作人员。勒庞当时告诉国民联盟成员，每个周末都要在自己的选区参加当地的活动，争取选民的支持。
       据《金融时报》报道，国民联盟资深成员阿里奥特2020年当选佩皮尼昂市市长。他表示，自己花了数年时间在这座法国南部城市获得大多数民众的支持，“我搬到这里开了一家律师事务所，见了尽可能多的人，给他们以保证。我把自己融入了这座城市的结构中，直到人们终于把我看作一个可以信任的年轻人，而不是一个‘法西斯分子’”。
       多家媒体认为，被称为“法国默多克”的亿万富翁博洛雷的支持，助推了极右翼力量的上升。法国24小时新闻电视台、美国《财富》杂志等媒体报道称，在近10年来，博洛雷不断收购法国老牌电视台、报纸和广播电台等，建立起一个媒体帝国，并为这些媒体配备了立场更加偏激的编辑人员，利用老牌媒体的信誉度来推进一些极端的政治议程。这些媒体关于移民、犯罪等带有严重偏见的报道，不仅加大了法国极右翼政党以及人士的宣传力度，进一步模糊了主流保守派和极右翼之间的界限，还给左翼人士等贴上“反法国”和“外国人政党”的标签。
       国民联盟的一系列行动以及部分媒体的推波助澜，使得该党实力不断增强。据美国Vox新闻网等媒体报道，2017年以来，法国几乎所有城市选民对该党的支持都有所增加。不管是在欧洲议会选举中，还是在法国国内选举中，国民联盟的支持率都大幅提升。
       勒庞甚至认为，国民联盟已经是法国国民议会“实打实的第一大党”。她7日晚称，不管是左翼联盟“新人民阵线”，还是执政党联盟“在一起”，都是由几个政党组成的，算到单独的政党，其当选议员都不如国民联盟（单个政党估计获得超过120个议席）多，如左翼联盟中“不屈的法兰西”党的当选议员估计不到90名。不过，BBC称，此次选举结果表明，到了重要关头，法国人民再次拒绝让极右翼掌权。

“空旷对角线”与“被遗忘法国”
       为争取选民，勒庞把自己塑造为“被遗忘法国”的捍卫者，而一片被称为“空旷对角线”的土地，就是“被遗忘法国”的一部分。
       上述对角线从法国西南部朗德省一直延伸到东北部的默兹省。据《金融时报》报道，“空旷对角线”沿线地区人口密度低，高速铁路线路稀少，经济疲软。2019年，法国摄影师达加塔和作家卡桑在驾车穿越该对角线沿线地区后写道，这些地区经常出现废弃的厂房、关门停业的加油站等，是“被遗弃”“荒无人烟”的地方。
       60岁退休建筑承包商丹尼尔居住的贝里地区就位于该对角线上。他以及当地不少民众认为，法国执政党一些政治人士就像巴黎的其他精英一样“自以为是”，在遏制不断上升的犯罪方面无所作为。丹尼尔过去投票支持的传统左翼和右翼政党都令人失望，因此他更倾向于支持国民联盟。
       中国人民大学国际关系学院教授王义桅对《环球时报》记者表示，法国极右翼实力不断上升，主要是因为民众对现状不满，对传统政党和政治精英不满，认为后者夸夸其谈，只会在俄乌冲突问题上“拱火”，没有解决物价高企等民生问题的能力，因此人们寻求与俄罗斯“说得上话”、并非无条件支持乌克兰而是更关注本国利益的政党，而极右翼政党在一定程度上响应了这些诉求。此外，如今数字化通信工具越来越多地呈现扁平化和反权威趋势，适合极右翼势力反权威思想的传播。
       对外经济贸易大学国际关系学院学者严展宇称，法国极右翼兴起的根本原因是民众对该国长期以来传统政党轮番执政不满，是民众“求变”的一种结果。中国现代国际关系研究院欧洲所副所长李超在谈及法国和欧洲极右翼势力增强时说，并不是说极右翼政党就一定会比主流政党做得更好，只不过面对内外危机，当前的欧洲主流政党无力解决民众关切的一些问题，民众更期待变革。
       “勒庞还受益于马克龙的崛起”，据美国Vox新闻网分析，与大多数欧洲极右翼政党一样，国民联盟从2015年的难民危机中受益，但法国总统马克龙的上台也为国民联盟的崛起提供了条件。文章称，马克龙2016年辞去部长职位，之后以他成立的政党领袖身份两次成功当选法国总统，他之后采取的两项行动最终为国民联盟影响力的上升铺平了道路：首先，马克龙不断发展自己成立的政党，旨在占领激进右翼和极端左翼之间的全部空间，而当马克龙自己的支持率降低时，其所创立政党的受欢迎程度也降低，而这时的传统中左和中右翼政党已经被削弱；马克龙通过在移民问题上向右翼靠拢，使得国民联盟关于移民的观点不断合理化，这在一定程度上有助于勒庞推动国民联盟实行“正常化”战略。

“跨大西洋的极右翼或相互呼应”
       “法国的政治遵循了欧洲的普遍趋势”，据美国Vox新闻网报道，自2013年极右翼政党德国选择党成立以来，极右翼政党在欧洲的影响力一直在稳步上升。欧洲议会中的两大极右翼派系，即欧洲保守与改革党团和“身份与民主”党团，共在欧洲议会720个席位中拥有131个，比5年前选举时增加了15个席位。
       路透社7月8日报道称，勒庞当天宣布，法国国民联盟将领导欧洲议会第三大党团“欧洲爱国者”，该党团成员还包括极右翼政党奥地利自由党等。该联盟的目标是打击非法移民，并将更多权力从布鲁塞尔转回各成员国。随着法国国民联盟30名议员的加盟，“欧洲爱国者”党团将对欧洲议会第一大党团欧洲人民党党团构成挑战。欧洲人民党党团是拥护冯德莱恩连任欧盟委员会主席的重要支持者。
       李超对《环球时报》记者表示，极右翼政党的一个显著特征是政策主张内倾，以本国利益优先。对于长期依靠一体化抱团取暖获得发展的欧盟国家而言，一旦各国只聚焦于自身利益而置欧盟集体利益于不顾，那么欧盟势必更趋于散、乱、弱，不仅自身难以得到发展，也将影响其在国际上的地位和作用。法国一直是欧盟政治上的领导者，法国不再强力支持欧洲一体化，其在欧盟内的地位也将遭到弱化。
       李超分析说，从目前情况来看，欧洲极右翼政党普遍更重视实际利益，在对俄、对华问题上，一般会以具体问题确定其政策立场，价值观色彩弱一些，不太像主流政党那样讲究“政治正确”，以意识形态划线，这可能在一定程度上推动欧盟对俄、对华政策趋向务实。当然，这种作用目前看还很有限，尚不足以改变西方国家整体的对外政策基调。欧洲仍然重视对美关系，在跨大西洋联盟的框架下制定对外战略的大方向不会逆转。此外，一旦美国前总统特朗普重新上台，欧美的极右翼政党如果“联合”，可能进一步影响欧洲的政治生态。
       王义桅表示，法国以及欧洲极右翼政党上台有其正面和负面影响，要辩证看待。对法国国内来说，马克龙在很大程度上会受到国内政治格局的制约，不可能像以前那样雄心勃勃，其在欧盟改革、加强欧洲战略自主等方面的能力会受到削弱。从世界层面来看，特朗普回归白宫的可能性非常大，跨大西洋的极右翼或相互呼应，进一步让西方联盟朝着情绪化和本土化方向发展。#美国大选##法国极右翼##法国国民议会选举##俄乌冲突##俄乌冲突升级背后的大国博弈##西方联盟# 

​(本文转自环球时报，欢迎关注人大重阳新浪微博:@人大重阳,微信公众号:rdcy2013）","分类结果：体现政治方面意识形态、体现社会方面意识形态

理由/依据：
1. 体现政治方面意识形态：文本详细描述了法国极右翼政党国民联盟的崛起、其政治策略的改变（如“去毒化”运动）、以及其在法国和欧洲政治格局中的影响。这些内容直接关联到政治意识形态的展现，特别是极右翼的政治立场和策略。
2. 体现社会方面意识形态：文本讨论了国民联盟如何通过改变其公众形象和策略来吸引不同社会阶层的支持，包括工人和白领。此外，文本还提到了社会对传统政党的不满和对极右翼的支持，这反映了社会意识形态的变化和民众对社会现状的态度。","['政治', '社会']",,['右倾'],1
"【共和党党纲出炉：取消中国最惠国待遇】

美国共和党全国代表大会党纲委员会小组今（9）日于内部通过2024年党纲草案，并预计于7月15日至18日在密尔瓦基（Milwaukee）举行共和党全国代表大会中，正式公布新版党纲。在2024年党纲中，除了与盟邦合作，对抗中国和打击恐怖主义之外，也将在经贸上对中国实施更多制裁，并取消中国最惠国待遇，防止中国汽车进口美国。

2024年版共和党党纲分成十大章节，其中关于国防外交部分内容则集中在第10章“透过实力回到和平”部分。在党纲中强调，共和党计划重建军事力量与盟邦关系，以对抗中国和打击恐怖份子；除此之外，党纲中也重申，共和党将推动“美国价值”延续，重振国防工业以及保护国土边界，并建立一格强大、优良和精实的军力，以确保国家未来安全繁荣。

关于经贸部分则集中在第五章，除了强调“美国优先”经济政策概念之外，也在该章节中提到对中贸易政策。共和党将确保美国对中国策略性独立，以消除对中国经贸上依赖，其中共和党计划取消中国的最惠国待遇身份，剔除进口项目中的必需品项，以及禁止中国购买美国房地产及各项产业。除此之外，为了抢救美国汽车工业，共和党将修正伤害性规管限制，取消拜登政府的电动车计划或相关授权，防止中国车辆进口。

这次党纲委员会小组所通过之2024版共和党纲，多以川普竞选承诺为核心进行申论，尤其在经贸、移民和国防外交议题上，呼应了川普长期的主张，但婚姻与堕胎等美国社会关切的议题上，未见文字特别叙述。该草案也将在9日将进行全体委员投票，通过后再于全代会表决。

共和党全国代表大会定于7月15日至18日在密尔瓦基（Milwaukee）举行，除了确认前总统川普（Donald Trump）获提名成为总统候选人外，也将通过并公布新版党纲。由于共和党自2016年全代会后未再更新条文，加上川普全国性民调在辩论会后领先扩大，这份“川普版”的美国未来政策方向广受各界关注。

在共和党党纲草案公布的同日，美国联邦众议院议长强生（Mike Johnson）也在保守派智库哈德逊研究所（Hudson Institute）发表外交政策演说时强调“中国是我们头号的敌人”。他也透露，美国众院将透过一系列立法，强化美国制裁力道，并预计今年年底送交总统签署。法案内容将包含制裁提供俄罗斯和伊朗援助的中国企业、限制美国对中国的投资、阻挡中国利用美国贸易获利的意图等措施。而从共和党党纲以及强生的发言都能看出，倘若年低川普当选总统，美国将用更强硬的方式对抗中国，并有可能开启新一轮美中贸易战。
#美国##中美博弈##世界大变局##美国大选# 
『共和党党纲出炉：取消中国最惠国待遇』https://mp.weixin.qq.com/s?__biz=MzAxNTIwNjI5Ng==&amp;mid=2650996671&amp;idx=2&amp;sn=7728f7c52408012be9909129aa5cdc15&amp;chksm=8071cd48b706445e45defa130dc293a6a607d6c84d12c06fb49996ad19b3d13ee186712086fe&amp;mpshare=1&amp;srcid=0710MlHkHRZB5ZTfbgjPfs1W&amp;sharer_shareinfo=f7c354f8371453be1b45cde73b3e1c11&amp;sharer_shareinfo_first=166caa2e7f373f5eb5041754b7fd4fd9&amp;from=groupmessage&amp;scene=1&amp;subscene=93&amp;clicktime=1720691091&amp;enterid=1720691091&amp;sessionid=0&amp;ascene=1&amp;fasttmpl_type=0&amp;fasttmpl_fullversion=7287217-zh_CN-zip&amp;fasttmpl_flag=0&amp;realreporttime=1720691091918&amp;devicetype=android-31&amp;version=28003251&amp;nettype=cmnet&amp;abtest_cookie=AAACAA%3D%3D&amp;lang=zh_CN&amp;countrycode=CN&amp;exportkey=n_ChQIAhIQxew6PYrie%2Fr34SamCEpZHhL3AQIE97dBBAEAAAAAAJ9zI99CvaIAAAAOpnltbLcz9gKNyK89dVj0ThhOMZbVvUP4%2FHw9JTUegulmrJBr8VruBfLLoX%2FaXus8Vbmf%2FX1ECTw1zbjghfHE8nuDLpx0ipAFpKuoUXcj73qsRmX3BErdKH1PRIkcKBeW48oqMfDVcA7IiQwkAGV92V4Iso9MP5JSvIpGlS8WevJDqibiKmEwVzR69k2iV73HSEc22XFv%2F3BjU7epF6XhrIWrYHTshD2ha2z%2BXNR2uvcLO%2FSAs3B0MoA3cphG2FTX0LAc9jxpsB%2FEScjmfP3hhLRk%2FXQVK%2B0Cc6uCB0KE3eY%3D&amp;pass_ticket=bt0vd%2BJkhpkAO4IhzVa2RTrhHMHHEPYagO7MPugR9GxOrdFsosnrgo9RBTZe1MeR&amp;wx_header=3","该文本主要体现**政治方面意识形态**和**经济方面意识形态**。

1. **政治方面意识形态**：文本中明确提到共和党计划通过重建军事力量、强化盟邦关系、对抗中国等政策，展现了明确的政治立场和外交策略，尤其是对中国的强硬态度，体现了政治意识形态中的现实主义或保守主义倾向。

2. **经济方面意识形态**：文本中提到“美国优先”经济政策、取消中国最惠国待遇、限制中国对美国的经济依赖等，展现了经济保护主义和民族主义的经济意识形态，强调减少对外依赖并保护本国产业。

其他方面如文化、社会、环保、个人、技术发展等意识形态在文本中没有明显体现，因此不归类。","['政治', '经济']","**分类结果：右倾**

**支持判断的关键信息和论据：**

1. **“美国优先”经济政策**：文本中提到共和党强调“美国优先”经济政策，这是典型的右翼保守主义经济理念，强调保护本国经济利益，减少对外依赖。

2. **取消中国最惠国待遇**：共和党计划取消中国的最惠国待遇，并采取一系列措施减少对中国的经济依赖，这体现了强烈的保护主义和民族主义倾向，符合右翼意识形态。

3. **重建军事力量与盟邦关系**：共和党计划重建军事力量与盟邦关系，以对抗中国和打击恐怖分子，这反映了右翼对强军和国家安全的高度重视。

4. **川普竞选承诺为核心**：文本指出2024版共和党党纲多以川普竞选承诺为核心，川普的政策主张普遍被认为是右翼保守主义的代表。

5. **保守派智库哈德逊研究所**：美国联邦众议院议长强生在保守派智库哈德逊研究所发表外交政策演说，强调“中国是我们头号的敌人”，这进一步印证了右翼对中国的强硬立场。

综上所述，文本中的政策和主张明显倾向于右翼保守主义，强调保护主义、民族主义和强军政策，符合右倾意识形态。",['右倾'],1
2024年美国大选，无疑是影响全球变局的最重大事件之一。把脉美国大选与中美未来应成为当下中国区域国别研究的重中之重。为此，中国人民大学重阳金融研究院（人大重阳）正式开设“区域国别论坛”，就每年全球各个区域与国别的热点话题开展系列探讨。2024年7月起，由人大重阳运营管理的中国人民大学中美人文交流研究中心（教育部）率先推出“美国大选2024与中美未来”系列讲座，邀请12位中美两国的知名专家公开线下讲述。本场讲座邀请到北京大学国际关系学院长聘正教授、教育部北京大学中外人文交流研究基地执行主任王栋。他将以“百年变局下的全球化趋势与美国对华政策演变”为主题进行演讲。#美国大选# #中美人文交流# #中美关系‭#  http://t.cn/A6QrcqRl,"分类结果：体现政治方面意识形态、体现文化方面意识形态

理由/依据：
1. 体现政治方面意识形态：文本主要讨论2024年美国大选及其对中美关系的影响，这直接关联到国际政治和外交政策，属于政治意识形态的范畴。
2. 体现文化方面意识形态：通过提及“中美人文交流”和相关的讲座活动，文本强调了文化交流在两国关系中的重要性，这属于文化意识形态的体现。","['政治', '文化']","分类结果：中立

支持判断的关键信息和论据：
1. 文本主要介绍了中国人民大学重阳金融研究院开设的“区域国别论坛”以及即将举行的“美国大选2024与中美未来”系列讲座。
2. 讲座邀请了中美两国的知名专家，包括北京大学国际关系学院的王栋教授，主题涉及全球化趋势和美国对华政策演变。
3. 文本内容主要是信息性和教育性的，没有明显的左倾或右倾的意识形态倾向表达。
4. 讨论的主题和邀请的专家都是学术性质的，旨在提供客观分析和深入探讨，而非推动特定的政治立场。

综上所述，文本在意识形态上表现为中立，主要聚焦于学术交流和知识分享，没有明显的左倾或右倾倾向。",['中立'],1
"#美国大选# 
读一下特朗普。
特朗普是一个极端现实主义者。
如果你把他当成一个狡诈的商人来看，就可以明白他的一切。
把美国的政治当成商场，一切利字当头，这是在传统政治思想中，非常奇葩的。
说到欧洲安全，特朗普一心就想的是欧洲安全，应该是欧洲国家掏钱，不应该美国花美国人的钱去保护欧洲。
所以他一直以来，第一步就是要求北约的国家，军费开支超过2%的GDP。
在他的眼里，美国的国防开支，就应该保护美国。
估计在完成第一步或者同步，特朗普会提出驻军保护费的问题。
就是你想要美军保护你，你就要承担美军的费用。
反正一切都是利益。在特朗普的眼里，利字当头。
这个原则，同样适用于其它国家或地区。

我再分析一下特朗普的乌克兰政策。
估计这个是很多人关心和担心的。
站在特朗普商人政客的角度，无利不起早，做什么，先讲利，要考虑我做这个，得到什么“利”，做到什么程度，会得到最大的利益。
这个是特朗普在乌克兰问题上的基本原则。
所以要站在特朗普的角度，要看一下乌克兰的情况，乌克兰与俄罗斯，会打到什么程度，最终会不会影响美国。
这个就是特朗普一直说的，对乌克兰的援助，要达到什么目的，到什么程度。
这个目标一定是明确的。
比如说，如果你要把俄军全部赶出乌克兰领土，那么就按这个目标去进行援助，全面大规模的援助。打到普一世心服口服。
如果你想要224前的状态停火，那么就按照这个要求，去从政治上施压，军事上施压，逼迫双方达成协议。

在特朗普的角度，保持普一世的存在，让俄罗斯持续对欧洲安全施压，这个是实现其收保护费的最佳状态。是其实现特朗普思想的重要组成。

所以特朗普的乌克兰政策目标，很可能是要双方暂时搁置争议，224前状态逼迫俄乌双方停火协商。
224前状态停火，理论上没有影响到司机同学的选民，这个方案进行全民投票的话，通过的概率会非常高。战争厌倦症，以及战争对每个人日常的影响，是深远的。
暂时搁置争议，不是把丧失领土，把问题留给后人解决。
在司机同学这里的角度，只要搞一次全民公决，就可以顺利找到台阶。
台阶易找，只是司机同学的团队，会如何选择，这点是不可预测的。当然还有乌克兰人民怎么选择，这个也不是特朗普可以决定的。
对于普一世，这样的结果，是求之不得的。能够停火疗伤，把当初错误的判断，错误的决定，按下暂停键，这个是梦想了好久的事了。
至于以后把庞大的国防开支，部分转换成更庞大的国内安保开支，这个是普一世自己内部的事情了。
后面普一世能否不被自己发起的特别军事行动的侵略行为影响政局，很难说。
理论上这个影响，会在两三年成为普一世的终结。
这是对特朗普的俄乌政策的简单分析，在以后有更多的相关信息，再做深入的探讨和分析。

在特朗普上台实施其特朗普思想前，乌克兰有时间，有机会去改变格局。
就是司机同学在这段时间把普一世打残废，打到特朗普的思想需要根据战场现状进行改变。
没有什么是固定不变的。
特朗普思想的核心，就是怎么用最小的付出，得到最大的利益，商人而已，一个奸诈的商人。
我们用这个逻辑看特朗普吧。
#俄乌局势新进展#","分类结果：体现政治方面意识形态、体现经济方面意识形态

理由/依据：
1. 体现政治方面意识形态：文本详细分析了特朗普的政治策略和对外政策，特别是对北约军费开支和乌克兰政策的看法，这些都是政治意识形态的体现。
2. 体现经济方面意识形态：文本中多次提到“利字当头”和“最小的付出，得到最大的利益”，这些表述反映了经济上的实用主义和利益最大化原则，是经济意识形态的体现。","['政治', '经济']","分类结果：中立

支持判断的关键信息和论据：
1. 文本主要描述了特朗普的政策和行为，如对北约军费的要求、对乌克兰的政策等，这些描述主要是基于特朗普作为一个商人的现实主义角度，并没有明确表现出左倾或右倾的意识形态。
2. 文本中提到特朗普的政策是“利字当头”，强调利益最大化，这是一种实用主义的描述，不直接关联到左倾或右倾的意识形态。
3. 文本中对特朗普的乌克兰政策进行了分析，提到了可能的停火和全民公决等策略，这些分析是基于现实政治和战略考虑，而非基于特定的意识形态立场。
4. 文本最后提到特朗普思想的核心是“怎么用最小的付出，得到最大的利益”，这再次强调了实用主义而非特定的意识形态倾向。

综上所述，文本主要是对特朗普政策和行为的描述和分析，没有明确表现出左倾或右倾的意识形态，因此被归类为中立。",['中立'],1
"硅谷科技界为何集体掉头支持特朗普？

这个月我都在美国出差，这边科技圈茶余饭后热议的一大话题就是硅谷大佬们在美国总统大选中如何站队的问题。这个话题为何最近格外受关注呢？

因为在美国政坛上，硅谷一直以来都被视为民主党的坚实票仓。然而，最近的政治风向标似乎正在发生剧变，众多硅谷大佬开始公开支持特朗普。这一转向耐人寻味，尤其是考虑到特朗普曾与科技界有过多次交锋的历史。硅谷科技界为什么会集体掉头支持特朗普呢？我来亮三点：
#特朗普##美国大选##亮三点##科技潮生活# http://t.cn/A68zKIoi","分类结果：体现政治方面意识形态

理由/依据：文本主要讨论了硅谷科技界在美国总统大选中对特朗普的支持态度变化，这直接关联到政治立场和选举行为，属于政治意识形态的体现。文本中提到的“硅谷一直以来都被视为民主党的坚实票仓”和“众多硅谷大佬开始公开支持特朗普”表明了对政治风向变化的关注和分析，这涉及到政治意识形态的讨论。",['政治'],"分类结果：中立

支持判断的关键信息和论据：
1. 文本主要讨论了硅谷科技界对特朗普的支持现象，但并未明确表达作者自身的左倾或右倾立场。
2. 文中提到硅谷传统上是民主党的票仓，但最近有转向支持特朗普的趋势，这表明了政治风向的变化，但并未对特朗普或民主党进行价值判断。
3. 作者提出了“硅谷科技界为什么会集体掉头支持特朗普”的问题，但并未给出明确的答案或倾向性评论，而是以“我来亮三点”作为结尾，暗示后续可能会有分析，但在此文本中并未展开。

综上所述，文本主要是对现象的描述和问题的提出，没有明确的意识形态倾向，因此被归类为中立。",['中立'],1
"I’m just wondering why there are no actions taken against these fraudulent behaviours. If Republicans do not have plans to prevent this and learned nothing from 2020, they will be fucked up again no matter how popular and competent Trump is. Just STOP THE CHEATING!#美国大选##trump2024#",,['政治'],"分类结果：右倾

支持判断的关键信息和论据：
1. 文本中提到“Republicans”和“Trump”，这些都是美国右翼政治的代表。
2. 文本中提到的“fraudulent behaviours”和“STOP THE CHEATING”暗示了对选举舞弊的担忧，这是右翼政治中常见的议题，尤其是在2020年美国总统大选后，右翼团体和特朗普支持者中广泛传播的选举舞弊论。
3. 文本中的语气和用词（如“fucked up”）显示出对共和党未来选举结果的不满和警告，这种表达方式在右翼政治讨论中较为常见。

综上所述，文本的意识形态倾向更倾向于右倾。",['右倾'],1
"｜2024 DNC Joe Biden演讲｜

乔爷爷可以分享一下演讲在哪里培训吗，respect🫡

🎙️ 我的民主党同胞们，我的美国同胞们，将近四年前的一个冬天，一个寒冷的一月，在国会大厦的台阶上，我举起右手，向你们和上帝宣誓，我要维护、保护和捍卫宪法，忠实地履行美国总统的职责。
 
🎙️ 你不能只有在赢的时候才说你爱你的国家。
 
🎙️ 仇恨在美国游行。穿着新衣服的老幽灵，挑起了最古老的分裂，激起了最古老的恐惧，给那些长期以来试图分裂美国的最古老的势力注入了氧气。
 
🎙️ 因为我不想再竞选了。我刚刚失去了一部分灵魂。但在美国，我怀着深深的信念参选。我知道并相信，在美国，诚实、尊严和正派仍然很重要。在美国，每个人都有公平的机会，仇恨没有避风港。一个人人生而平等这一国家基本信条依然鲜活的美国。
 
🎙️ 当我们在椭圆形办公室里安排一名检察官而不是一名被定罪的重罪犯时，犯罪率就会继续下降。
 
🎙️ 共和党人在2022年发现了女性的力量。唐纳德·特朗普将在2024年发现女性的力量。在特朗普和他的MAGA共和党右翼试图抹去历史的地方，我们民主党人继续书写历史，创造更多历史。
 
🎙️ 能担任你们的总统是我一生的荣幸。我爱这份工作，但我更爱我的国家。我更爱我的国家。
 
🎙️ 古希腊人教导我们，性格决定命运。
 
🎙️ 让我用这句话来结束我的演讲:在这个世界上，没有任何一个地方可以让一个出生在宾夕法尼亚州斯克兰顿和特拉华州克莱蒙特的口吃孩子，长大后坐在椭圆形办公室的坚毅办公桌后面。这是因为美国一直是一个充满可能性的国家。我们绝不能失去这一点。永远不能。
 
🎙️ 我们每个人都在美国的历史中占有一席之地。对我和我的家人来说，有一首歌对我们意义重大，它抓住了我们作为一个国家最好的一面。这首歌叫做《美国国歌》。有一段很特别——我根本唱不出来，所以我就不试着唱了，我就直接引用它——“几个世纪以来的努力和祈祷让我们走到了今天。我们的遗产会是什么?我们的孩子会怎么说?让我在心里知道，当我的日子结束了。美国，美国，我把我最好的都给了你。”
 
🎙️ 我在职业生涯中犯了很多错误，但我把最好的都给了你。50年来，和你们许多人一样，我把我的心和灵魂献给了我们的国家。作为回报，我得到了美国人民无数次的支持。
 
🎙️ 我要么太年轻，不能进入参议院，因为我还不到30岁;要么太老，不能继续担任总统。但我希望你们知道我是多么感激你们所有人。

#美国大选##2024美国民主党全国代表大会##Joe Biden#","1. **体现政治方面意识形态**：演讲中多次提到民主党与共和党的对比，以及对特朗普和MAGA共和党的批评，展现了明确的政治立场和意识形态。
2. **体现社会方面意识形态**：演讲中强调平等、尊严、正派等价值观，以及对仇恨和分裂的反对，体现了对社会公平和正义的关注。
3. **体现文化方面意识形态**：引用古希腊的教导和美国国歌，强调美国的历史和文化传统，展现了文化认同和传承的意识形态。
4. **体现个人方面意识形态**：演讲中多次提到个人的经历和感受，如对国家的热爱、对职业生涯的反思，体现了个人价值观和信念。

**理由/依据**：演讲内容涉及政治立场、社会价值观、文化认同和个人信念，这些内容明确展现了相关领域的意识形态。",['政治'],"分类结果：左倾

支持判断的关键信息和论据：
1. **党派归属**：乔·拜登明确提到“我的民主党同胞们”，表明他是民主党成员，而民主党在美国政治光谱中通常被视为左倾。
2. **对共和党的批评**：拜登提到“唐纳德·特朗普和他的MAGA共和党右翼试图抹去历史”，这表明他对共和党及其右翼政策的批评态度。
3. **社会价值观**：他强调“诚实、尊严和正派仍然很重要”，并提到“每个人都有公平的机会，仇恨没有避风港”，这些观点与左倾的社会平等和包容性价值观相符。
4. **历史与进步**：拜登提到“我们民主党人继续书写历史，创造更多历史”，这表明他对进步和变革的支持，这也是左倾政治的特点。
5. **对国家的爱**：虽然对国家的爱本身并不直接表明左倾或右倾，但结合他对民主党的支持和对共和党的批评，可以推断他的政治立场更倾向于左倾。

综上所述，乔·拜登的演讲内容明确展现了他的左倾意识形态倾向。",['左倾'],1
"独立调查记者~Lara Logan 说：今天，我从各种来源注意到，在选举方面，我们“陷入困境”。

用一位前专业情报人士的话来说:

“美国的选举不再关乎人心和选票的斗争，甚至不再关乎选票，而是一场围绕计票和网络安全的动态激烈战斗。任何参与单纯意识形态‘选举’的人都已经处于失败的一方。”

“2020年大选揭示了各种预先计划的攻击载体。在宾夕法尼亚州，我们在视频中发现了非法插入3万张拜登的选票，拜登以121%的民主党投票率赢得了那个县，这显然是不可能的。我们现在知道乔治亚州有重複计票和僞造选票。选举之夜凌晨4点，SQL软件允许窃取川普的2万张选票，并在没有用户登录记录的情况下将其换成拜登的选票——就像设计的那样。除非这些漏洞(以及新的漏洞) 被堵上，比如德州的大规模登记欺诈被清除，否则媒体已经开始起草哈里斯的胜选演讲了。”

 “川普/肯尼迪的受欢迎程度几乎无关紧要。 需要逮捕行动、选举日特殊行动、加强网络安全和纸质选票，否则就完了”。 

#美国##美国大选#","分类结果：体现政治方面意识形态

理由/依据：文本主要讨论了美国选举的公正性和安全性问题，涉及到选举过程中的技术操作（如SQL软件的使用）、选票的合法性（如非法插入选票、重复计票和伪造选票）以及网络安全等议题。这些内容直接关联到政治意识形态，特别是关于民主选举的透明度和公正性，以及对选举结果合法性的质疑。文本中的观点和描述反映了对当前选举制度的不满和对未来选举改革的呼吁，这些都是政治意识形态的体现。",['政治'],"分类结果：右倾

支持判断的关键信息和论据：
1. 文本中提到“2020年大选揭示了各种预先计划的攻击载体”，并具体指出宾夕法尼亚州和乔治亚州的选举问题，这些言论通常与右翼对选举公正性的质疑相吻合。
2. 提到“川普/肯尼迪的受欢迎程度几乎无关紧要”，并强调需要“逮捕行动、选举日特殊行动、加强网络安全和纸质选票”，这些建议反映了对现行选举系统的不信任，通常与右翼的政治立场一致。
3. 文本中提到的“非法插入3万张拜登的选票”和“SQL软件允许窃取川普的2万张选票”等具体指控，通常与右翼对选举舞弊的担忧相关。

综上所述，文本中的言论和指控更倾向于右倾的意识形态立场。",['右倾'],1
"美国民主党总统候选人、副总统哈里斯首次接受美国媒体专访时，为她的政策向中间派转移进行辩护，她也说，如果当选总统，她可能会任命一名共和党人进入内阁。
路透社报道，哈里斯接受美国有线电视新闻网（CNN）主播巴什（Dana Bash）的专访，定星期四（8月29日）晚上9时播出。这是她接受民主党总统候选人提名之后，首次接受主流新闻媒体的访问。
哈里斯说：“我认为我的政策观点和决定，最重要和最关键的一点是我的价值观并没有改变。”
从总统拜登手中接棒成为2024年民主党总统候选人的哈里斯，对于一些课题的立场与她在2020年竞选总统时有所不同，现在她对于某些课题的看法更为接近中间派。
现在哈里斯对于美墨边境移民问题的立场更为强硬；她也不再主张禁止水力压裂法的能源开采法，这种开采法为宾夕法尼亚州制造大量就业，而宾州是可能决定11月总统选举结果的少数几个摇摆州之一。#美国[超话]##美国大选#","分类结果：体现政治方面意识形态

理由/依据：
1. 文本主要讨论美国民主党总统候选人哈里斯的政策立场和政治策略，包括她向中间派转移的政策辩护和可能任命共和党人进入内阁的考虑。
2. 哈里斯对美墨边境移民问题的立场变化和对水力压裂法的态度调整，都是政治决策的体现，反映了她在政治意识形态上的调整和策略。
3. 文本中没有明确涉及经济、文化、社会、环保、个人或技术发展方面的具体态度或立场，因此这些方面的意识形态未被体现。",['政治'],"分类结果：中立

支持判断的关键信息和论据：
1. 哈里斯为她的政策向中间派转移进行辩护，这表明她试图在政策上采取更为中立或中间派的立场。
2. 哈里斯提到如果当选总统，可能会任命一名共和党人进入内阁，这显示她愿意跨越党派界限，寻求合作，进一步支持其中立或中间派的立场。
3. 哈里斯对于美墨边境移民问题的立场更为强硬，以及不再主张禁止水力压裂法的能源开采法，这些政策调整表明她在某些议题上采取了更为实用或中间派的立场，而不是坚持传统的左派或右派立场。

综上所述，哈里斯的言论和政策调整显示出她倾向于采取中立或中间派的立场，而不是明确的左倾或右倾。",['中立'],1
"若是这样的话，我觉得2024美国大选还是让哈里斯胜出算了！

民主党表示，LGBT+群体目前约占美国民众比例的7.6%（2024你那年初的数据，超过了2400万），若是能够占到30%，民主党将战无不胜（意思是以后每次大选不得民主党稳赢啊）。

拜登在位期间搞“政治正确”，若是哈里斯当选美国总统后不仅会继续延续“政治正确”，还有可能要把LGBT+群体在美国的占比搞到30%！所以，我个人觉得要不还是再委屈一下特朗普，让哈里斯当下一届美国总统算了，没别的想法，就是想看一下美国30%的LGBT+占比会是一个什么光景……[吃瓜]#美国大选##烽火问鼎计划#","分类结果：体现政治方面意识形态、体现社会方面意识形态

理由/依据：
1. 体现政治方面意识形态：文本涉及美国大选、民主党与共和党的竞争、政治正确等政治议题，并表达了对哈里斯和特朗普的潜在支持态度。
2. 体现社会方面意识形态：文本讨论了LGBT+群体的比例及其对社会和政治的影响，反映了对社会多样性和包容性的关注。",['政治'],"分类结果：中立

支持判断的关键信息和论据：
1. 文本中提到了民主党对LGBT+群体的支持，这通常与左倾意识形态相关联，因为左倾通常支持社会多样性和少数群体的权利。
2. 文本中也提到了“政治正确”，这是一个常被右倾批评的概念，右倾通常认为“政治正确”限制了言论自由和传统价值观。
3. 文本作者表达了对哈里斯可能当选美国总统的假设性支持，但这种支持是基于对LGBT+群体比例增长的观察和好奇，而不是基于明确的左倾或右倾政治立场。
4. 文本中使用了“吃瓜”这一网络用语，表明作者的态度更多是旁观和娱乐性质，而非严肃的政治立场表达。

综上所述，文本没有明确展现出左倾或右倾的意识形态倾向，而是以一种中立和娱乐的态度讨论了美国大选和LGBT+群体的议题。",['右倾'],1
"Telegram创始人杜罗夫被捕后，俄罗斯军方担心自己的秘密被泄露 - 华尔街日报
文章指出，Telegram已成为俄罗斯武装部队的关键应用程序，用于指挥炮兵、协调行动和收集情报。这也是为何俄罗斯当局对杜罗夫的逮捕表现出极度愤怒的原因。
“虽然Telegram并不是俄罗斯军方正式批准的通讯系统，但其私人聊天和直接消息传递系统仍然被士兵和部分军事单位用于战术目的上的战场协调，”美国智库Silverado Policy Accelerator的主席德米特里·阿尔佩罗维奇表示。
然而，分析师兼记者赫里斯托·格罗泽夫指出，法国及其他西方执法机构不太可能迫使杜罗夫交出Telegram的加密密钥。
尽管如此，俄罗斯的军事博主们依然感到恐慌，声称“如果敌人进入Telegram，我们的情况将会一败涂地。”
“俄罗斯人会产生投射心理，他们会因担心法国人和美国人可能向杜罗夫提出要求而产生偏执。这个恐惧会让杜罗夫在俄罗斯人眼中显得极其危险。公开讨论这个问题也意味着给杜罗夫发出了不应与任何人合作的信号，”格罗泽夫补充道。#关注俄乌局势最新进展##以色列[超话]##美国大选##俄罗斯[超话]#","分类结果：体现政治方面意识形态、体现技术发展方面意识形态

理由/依据：
1. 体现政治方面意识形态：文本涉及俄罗斯军方对Telegram的依赖以及对其创始人被捕的反应，反映了政治权力与通讯技术之间的紧张关系，以及对国家安全和信息控制的关注。
2. 体现技术发展方面意识形态：文本讨论了Telegram作为通讯工具在军事行动中的应用，以及加密技术对信息安全和隐私保护的影响，体现了技术发展在现代社会中的重要作用和挑战。","['政治', '经济', '技术发展']","分类结果：中立

支持判断的关键信息和论据：
1. 文章主要报道了Telegram在俄罗斯军方中的应用及其创始人杜罗夫被捕的情况，这些内容主要是事实陈述，没有明显的意识形态倾向。
2. 引用了美国智库主席和记者的话，这些引用主要是对事件的分析和评论，没有表现出明显的左倾或右倾立场。
3. 文章提到了俄罗斯军事博主的恐慌和担忧，这些内容反映了俄罗斯内部的情绪和反应，但并未表现出对某一特定意识形态的支持或反对。

综上所述，文章整体上保持中立，没有明显的左倾或右倾倾向。",['右倾'],1
"#v光计划# #美国大选#【沙利文访华，大选提防华裔，美国试图消灭唐人街！】近日，美国总统国家安全事务助理杰克·沙利文率领的访华代表团抵达北京。这是他任期内首次访华。

有传闻认为，沙利文访华，是担心中国通过华裔美国人干涉美国大选，要进行当面确认。这也确实是美国媒体最近几次大选都会炒作的议题。比如彭博社7月30日就表示，有美国政府官员声称，中国寻求干涉美国大选。

不知道是不是受到这种恐惧影响，有一股力量一直在试图消灭唐人街，而且使用的力气越来越大。

美国唐人街的发源可以追溯到19世纪中期，当时中国劳工开始大量涌入美国，在横贯大陆的铁路和其他行业工作。当时，这些华人面临广泛的歧视，被迫在一起生活。随着时间的推移，这些社区演变成我们今天所熟知的唐人街。

全美目前有50个大小不等的唐人街：费城、纽约、西雅图、底特律、芝加哥、波士顿、华盛顿特区……几乎每一个都遇到了一些“麻烦”。最常见的是地价上涨，房租上涨，房产税上涨，使大量低收入居民被迫搬离，还有就是……

1.修建体育场馆。

1997年，华盛顿DC的冰球队将主场场馆移到该市的唐人街，给唐人街带来了巨大的冲击。人口普查数据显示，1990年，这里大约有66%的居民是亚裔，到2010年，该区居民中只剩下21%是亚裔；2020年更是继续下降到18%……

体育场馆使周边地区的租金上涨，地税上涨，物价上涨，交通拥挤，还会带来的醉酒球迷，赌球黑市和无所事事的闲杂人员，造成治安问题。

没到过美国的人很难第一时间想到，在篮球馆里打球的某些族裔，持枪率和犯罪率远高于亚裔。

所以，修建体育场馆能驱离唐人街的亚裔居民。

从2022年到现在，费城的唐人街居民就一直在抗议“76人篮球队要建的篮球场”。当地人普遍认为，这个耗资13亿美元的计划将耗时10年，将摧毁市中心仅存的低收入社区。

2.修建收容所

据纽约当地媒体报道，2024年2月8日，50多名抗议者聚集在唐人街东百老汇91号门前，抗议市政府将这家前酒店改建为专门收容有精神疾病史的无家可归者收容所的计划。社区团体联盟曾就该计划对市政府提起诉讼，但诉讼被法院驳回。

据纽约唐人街相关组织提供的法律文件显示，政府事务顾问、纽约市无家可归者服务局前副局长马斯卡利（Robert Mascali）提及，截至2023年2月，东百老汇91号半英里范围内有8家无家可归者收容所，他 “从未见过方圆半英里范围内有如此集中的收容所”。

根据纽约市2023年发布的《纽约市政设施选址》报告，唐人街未来可能要收容其他社区100倍的无家可归者，这显然不合理。

更加讽刺的是，纽约警察局的数据显示，在2021年针对亚裔的仇恨犯罪案件中，有一半的犯罪嫌疑人都有精神疾病史。结果，有精神疾病史的无家可归者却可能会专门被“请”到唐人街。

据星岛环球报道，2024年5月，近千华人从各地区跑进市政厅阶梯抗议在唐人街东百老汇91号设立无家可归者收容所。可见之前的抗议没有奏效。 http://t.cn/A6RXmztY","分类结果：体现政治方面意识形态、体现社会方面意识形态

理由/依据：
1. 体现政治方面意识形态：文本涉及美国大选、中美关系、华裔美国人等政治议题，特别是提到中国可能通过华裔美国人干涉美国大选，以及美国政府对唐人街的政策，这些都反映了政治层面的意识形态。
2. 体现社会方面意识形态：文本详细描述了唐人街面临的社会问题，如地价上涨、房租上涨、房产税上涨导致低收入居民被迫搬离，以及修建体育场馆和收容所对唐人街社区的影响，这些内容反映了社会层面的意识形态，特别是关于社区保护、低收入群体权益和社会公平的讨论。",['政治'],"分类结果：中立

支持判断的关键信息和论据：
1. 文本主要报道了美国唐人街面临的问题，如地价上涨、修建体育场馆和收容所等，这些内容主要是描述性的事实报道，没有明显的意识形态倾向。
2. 文本中提到美国媒体和政府官员对中国可能干涉美国大选的担忧，但这部分内容也是基于事实的报道，没有明显的左倾或右倾立场。
3. 文本中提到的抗议活动和法律诉讼，主要是社区对政府决策的反应，这些内容同样没有表现出特定的意识形态倾向。

综上所述，文本整体上更倾向于中立，因为它主要提供了事实性的报道，而没有明确展现左倾或右倾的意识形态态度。",['右倾'],1
"Nicole Shanahan 发布了一则关于 ”川普精神错乱综合症” 的广告。这则广告其实是告诉选民们要有独立思考的能力，不要被猪流媒体宣传误导~

广告内容如下：

“你是否忽视或否认我们国家目前面临的问题，比如历史性的通货膨胀、非法移民、企业腐败、第三次世界大战升级和慢性疾病流行。……

独立性让你再次拥有独立思考的自由。而不是相信你从主流媒体听到的一切，保持独立允许建设性的批判性思维。我曾经在新闻上听到人们说川普和他所鼓励的运动是对民主的威胁。我立刻就相信了。有了独立性，我现在意识到媒体是由民主党精英控制的，他们是一个腐败的寡头，审查言论自由，压制政治对手，支持永远的战争，并通过指定候选人来放弃民主。

如果你喜欢在总统的认知能力上被欺骗、支持奥威尔式极权主义或对康米主义财政政策感到兴奋，那麽独立思考可能不适合你。独立的常见副作用可能包括理性思维的觉醒、成功辨识宣传、选择自由、仇恨的丧失、反自恋行为和对民主的热爱。我曾经盲目地憎恨我的政党的对手。我不关心事实或政策，因为我无可救药地被灌输了思想。

拥有独立性，我对维护民主的政策更感兴趣，我真正关心我们国家和公民的健康。问问你的医生，独立是否适合你，再次享受你的自由。”

大家怎么看？

#热门视频# #美国# #美国大选# http://t.cn/A6RaSLDE","分类结果：体现政治方面意识形态、体现社会方面意识形态

理由/依据：
1. 体现政治方面意识形态：文本中提到了对川普及其运动的看法，批评了民主党精英和主流媒体，表达了对言论自由、政治对手压制和民主制度的关注，这些都是政治意识形态的体现。
2. 体现社会方面意识形态：文本中提到了独立思考的重要性，批评了媒体对公众思想的控制，强调了理性思维和批判性思维的价值，这些都是社会意识形态的体现。",['政治'],"分类结果：右倾

关键信息和论据：
1. 广告中提到“历史性的通货膨胀、非法移民、企业腐败、第三次世界大战升级和慢性疾病流行”，这些问题通常被右翼政治人物和媒体强调，作为批评当前政府政策的依据。
2. 广告中批评“主流媒体”和“民主党精英”，称他们为“腐败的寡头”，这种对主流媒体和民主党精英的批评是右翼常见的言论。
3. 广告中提到“审查言论自由，压制政治对手，支持永远的战争，并通过指定候选人来放弃民主”，这些指控通常来自右翼对左翼政治力量的批评。
4. 广告中使用“奥威尔式极权主义”和“康米主义财政政策”的词汇，这些词汇在右翼话语中常用来贬低左翼政策。
5. 广告鼓励“独立思考”和“理性思维的觉醒”，并提到“选择自由、仇恨的丧失、反自恋行为和对民主的热爱”，这些表述符合右翼对个人自由和反对集体主义的强调。

综上所述，这则广告的内容和用词明显倾向于右翼意识形态。",['右倾'],1
支持卡玛拉·黛维·哈里斯的“猫奶奶”~在此之前，唐纳德·特朗普助手詹姆斯·戴维·万斯曾经讽刺哈里斯是“没有孩子的猫女士” 而引发舆论讨伐！#热门视频##美国大选##美国# http://t.cn/A6RSihb8 ,"分类结果：体现政治方面意识形态

理由/依据：文本涉及美国大选中的政治人物卡玛拉·黛维·哈里斯和唐纳德·特朗普的助手詹姆斯·戴维·万斯，讨论了关于哈里斯的个人形象和公众舆论的反应。这直接关联到政治人物的公众形象和选举政治，因此体现了政治方面的意识形态。文本中没有明确表达对经济、文化、社会、环保、个人或技术发展的具体态度，因此这些类别不适用。",['政治'],"分类结果：中立

分析：文本主要描述了关于卡玛拉·黛维·哈里斯和唐纳德·特朗普助手詹姆斯·戴维·万斯之间的舆论事件。文本中提到了对哈里斯的支持和对万斯的讽刺，但并没有明确表达出左倾或右倾的意识形态倾向。因此，根据文本内容，整体上更倾向于中立。",['右倾'],1
特朗普在赫尔州西部约翰斯敦拿破仑街第一届峰会决赛集会称：“看看卡玛拉……她碰过的每个地方都变成了屎！”#美国大选##特朗普# http://t.cn/A6RSNxUv ,"分类结果：体现政治方面意识形态

理由/依据：文本中特朗普的言论直接针对政治人物卡玛拉，表达了对她的负面评价，这反映了政治竞争中的意识形态立场。这种言论通常用于影响公众对政治人物的看法，从而影响选举结果。因此，这主要体现了政治方面的意识形态。",['政治'],"分类结果：右倾

关键信息和论据：
1. 特朗普的言论：特朗普在集会中使用了贬低和攻击性的语言来形容卡玛拉·哈里斯（Kamala Harris），这是典型的右翼政治人物在竞选活动中常用的策略，旨在通过负面攻击来削弱对手的形象。
2. 特朗普的政治立场：特朗普作为美国前总统，其政治立场和言论通常被认为是右倾的，他经常强调保守主义价值观，反对进步主义的政策。
3. 集会的性质：特朗普在集会上发表这样的言论，通常是为了动员其支持者，这些支持者大多持有右翼或保守主义的政治观点。

综上所述，这段文本的意识形态倾向是右倾的，主要基于特朗普的言论和他的政治立场。",['右倾'],1
"美国一名男子在宾夕法尼亚州约翰斯敦举行的特朗普集会上，冲进新闻区，但很快被警察制服。

#特朗普##美国大选##热门视频# http://t.cn/A6RSZQaU ","分类结果：体现政治方面意识形态

理由/依据：文本描述了在美国总统特朗普的集会上发生的事件，这直接关联到政治活动和政治人物。虽然文本本身没有明确表达对特朗普或其政策的支持或反对态度，但提及特朗普集会和新闻区的冲突，暗示了政治集会的紧张氛围和可能存在的政治对立，因此体现了政治方面的意识形态。",['政治'],"分类结果：中立

分析：文本描述了一个事件，即一名男子在特朗普集会上冲进新闻区并被警察制服。这个描述本身并没有表现出明显的左倾或右倾的意识形态倾向。文本中提到的“特朗普”和“美国大选”是当前政治事件的关键词，但这些词汇的使用并不直接表明作者的意识形态立场。因此，根据文本内容，无法明确判断其左倾或右倾的倾向，应归类为中立。",['中立'],1
#美国大选#特朗普眼看优势已去，把女儿伊万卡也推出来了。不是没有这个可能！民主党推哈里斯，共和党推伊万卡。#今日美国# http://t.cn/A6RoPEj2 ,"分类结果：体现政治方面意识形态

理由/依据：文本主要讨论了美国大选中的政治策略和候选人动态，涉及特朗普和民主党、共和党的策略选择，这直接关联到政治意识形态的展现。文本中提到的“特朗普眼看优势已去，把女儿伊万卡也推出来了”和“民主党推哈里斯，共和党推伊万卡”反映了对政治策略的评价和态度，属于政治意识形态的体现。其他方面如经济、文化、社会、环保、个人、技术发展等意识形态在文本中并未明显体现。",['政治'],"分类结果：中立

分析：文本主要描述了美国大选中特朗普和民主党可能采取的策略，提到了特朗普可能推出女儿伊万卡，以及民主党可能推出哈里斯。这些内容主要是对政治策略的描述，并没有明确表达左倾或右倾的意识形态态度。因此，根据提供的信息，文本的意识形态倾向应被归类为中立。",['中立'],1
"美国以色列公共事务委员会（AIpAC）成立于1954年，原名美国犹太复国主义委员会，创建者受雇于以色列政府。显然，该组织成立的目的就是确保美国支持以色列。

AIpAC摸透了美国政治与金钱的关系，即金钱是政治的母乳。于是，该组织凭借金钱充分发挥其影响力，美媒称其为美国中东政策的主要推手。该组织用尽手段影响美国政客们，除了政治献金，还收买政客身边的工作人员及家人，使他们最终支持以色列。

在AIpAC的游说下，美国一直向以色列提供援助支持，从而使以色列成为自二战以来美国对外援助的最大受益国。

美国民主党进步派领袖桑德斯指出，美国的选举已经被出卖了。谁获得AIpAC提供的丰厚竞选资金，谁就将胜选。获得资助者，必然支持以色列。支持巴勒斯坦的，必然输在竞选财力上。

总而言之，美国的选举已经被出卖，背后的金主正是AIpAC。该组织有着雄厚的资金实力，可以做到购买美国选举。美国与以色列之间何来的最铁关系，不言自明。
#美国##以色列##美国大选##犹太资本##中东##国际##军事##政治##经济#","分类结果：体现政治方面意识形态、体现经济方面意识形态

理由/依据：
1. 体现政治方面意识形态：文本详细描述了美国以色列公共事务委员会（AIpAC）如何通过政治献金和游说影响美国政治，特别是美国对以色列的政策支持。这直接涉及到政治权力和政策的操控，展现了政治意识形态的运作。
2. 体现经济方面意识形态：文本中提到“金钱是政治的母乳”，以及AIpAC如何利用资金影响选举和政策，这涉及到经济资源在政治决策中的作用，反映了经济意识形态的影响。",['政治'],"分类结果：左倾

支持判断的关键信息和论据：
1. 文本中提到“美国民主党进步派领袖桑德斯指出，美国的选举已经被出卖了。”桑德斯是美国知名的左翼政治家，他的观点通常代表左倾立场。
2. 文本批评了AIpAC通过金钱影响美国政治的行为，这种对金钱政治的批评通常与左倾意识形态相关联，左倾观点往往强调减少金钱在政治中的影响，提倡更公平和透明的政治过程。
3. 文本中对美国与以色列关系的描述，暗示了对这种关系的批评，这种批评在左倾观点中较为常见，左倾观点往往对美国的对外政策持批评态度，特别是对中东政策。

综上所述，文本通过引用左翼政治家的观点、批评金钱政治以及对美国对外政策的批评，展现了左倾的意识形态倾向。",['左倾'],1
"为了民主，请投川普；为了美国，别投妖婆[举车]

#烽火问鼎计划##美国大选##特朗普# ","分类结果：体现政治方面意识形态

理由/依据：文本明确表达了对美国大选的态度，支持川普（特朗普）并反对其对手（被贬称为“妖婆”），这直接关联到政治意识形态的选择和表达。文本中的“为了民主，请投川普；为了美国，别投妖婆”明确展现了作者的政治立场和偏好，属于政治意识形态的体现。",['政治'],"分类结果：右倾

支持判断的关键信息和论据：
1. 文本中明确支持川普（特朗普），并使用了“为了民主，请投川普”这样的表述，这表明作者倾向于支持特朗普的政治立场。
2. 文本中使用了“别投妖婆”这样的贬义词汇来指代特朗普的对手，这种语言通常用于表达对对方政治立场或个人的强烈不满或反对，进一步表明作者的右倾立场。
3. 文本中的标签“#美国大选#”和“#特朗普#”也强调了与特朗普及其竞选活动相关的主题，这通常与右翼政治立场相关联。

综上所述，文本整体上更倾向于右倾。",['右倾'],1
"特朗普也学会用民调支持率做文章了！

在“彭博社”、“今日美国”以及“萨福克大学”等“权威”媒体/大学的民调数据显示，不仅哈里斯整体支持率大幅高于特朗普，还在7个摇摆州都领先特朗普之后。“路透社”、“益索普与内部优势”等机构的8月底民调数据则正好相反，显示特朗普在7个摇摆州的支持率领先哈里斯2个百分点。

由此可见，美国各大媒体的民调数据早已失真，明显已经沦为双方政治宣传的手段，反正每次也就1000人左右的样本，所以看看就好，最终还是11月份的大选投票相对更真实一些……[思考]#美国大选##烽火问鼎计划#","分类结果：体现政治方面意识形态

理由/依据：文本主要讨论了美国大选中的民调数据及其可信度，涉及特朗普和哈里斯在摇摆州的支持率对比。文本表达了对民调数据真实性的怀疑，认为这些数据可能被用作政治宣传的手段。这种对政治事件的态度和分析直接关联到政治意识形态的体现，特别是关于选举公正性和媒体角色的讨论。因此，文本主要体现了政治方面的意识形态。",['政治'],,['中立'],1
"#美国大选# 特朗普与哈里斯在竞选上都在寻求改变，以此来吸引选民的投票。
特朗普的竞选纲要与民众的利益可能会紧密相连，从而慢慢地赢得选民的支持，支特他的选民也会有显著的上升。不像之前一个月他处在静止的状况，甚至还有退意的想法。
哈里斯虽然为竞选奔波于各州，但支持的选民已成阻隔状态，也就是没有吸引人心的政治纲领，导致对她的选民上升就停止了，所以这种情况会在九月份显现出来，暂时改变的可能性不大。
这是未来美国总统竞选的走势。","分类结果：体现政治方面意识形态

理由/依据：文本主要讨论了美国大选中特朗普和哈里斯的竞选策略和选民支持情况，涉及政治竞选、选民支持和政治纲领等政治议题。文本中虽然没有明确表达左派或右派的具体立场，但通过对两位候选人竞选动态的描述，反映了对政治竞选过程中策略和选民反应的关注，因此属于体现政治方面的意识形态。",['政治'],,['中立'],1
"经过13天的燃烧，俄罗斯罗斯托夫州的普罗列塔尔斯克的油库的大火终于被扑灭了。70%的储油罐完全烧毁。
该事件凸显了油库火灾的严重性和难以扑灭的特点。火灾持续了接近两周时间，对当地的基础设施和环境造成了重大影响。#俄罗斯[超话]##关注俄乌局势最新进展##俄乌局势##以色列[超话]##美国大选# ","分类结果：体现环保方面意识形态、体现社会方面意识形态

理由/依据：
1. 体现环保方面意识形态：文本提到了火灾对环境的重大影响，这反映了对环境保护的关注和担忧。
2. 体现社会方面意识形态：文本提到了火灾对当地基础设施的影响，这涉及到社会公共安全和基础设施维护的问题，反映了对社会福祉的关注。

文本中没有明确的政治、经济、文化、个人或技术发展方面的意识形态态度，因此这些类别不适用。",['环保'],"分类结果：中立

支持判断的关键信息和论据：
1. 文本主要描述了俄罗斯罗斯托夫州普罗列塔尔斯克油库火灾的情况，包括火灾的持续时间、造成的破坏以及对当地基础设施和环境的影响。
2. 文本中提到的标签如#俄罗斯[超话]##关注俄乌局势最新进展##俄乌局势##以色列[超话]##美国大选#，虽然涉及多个国家和地区的热点话题，但并未表现出明显的左倾或右倾的意识形态倾向。
3. 文本内容主要是事实陈述，没有涉及政治立场、经济政策或社会价值观的讨论，因此无法从中判断出左倾或右倾的倾向。

综上所述，文本内容主要是对事件的客观报道，没有明显的意识形态倾向，因此被归类为中立。",['中立'],1
"在特朗普未来的内阁中可能会有民主党人——美国副总统候选人J.D.万斯在接受福克斯新闻采访时表示。
“哦，当然会有，”万斯在回答是否会有民主党人加入特朗普第二任期内阁时说道。
“事实上，我们获得了很多民主党人的支持。最近，罗伯特·肯尼迪二世和前国会议员图尔西·加巴德加入了我们。如果你看看特朗普在2024年的行动，实际上是美国政治中充满常识的重大举措。”
此前，在她接受CNN的第一次采访中，美国副总统卡玛拉·哈里斯表示，她愿意在自己的内阁中接纳共和党人，以团结美国社会并在决策过程中拥有替代观点。
特朗普竞选团队在第二天就抄袭了其竞争对手的想法。而且，尽管万斯声称特朗普得到了“民主党人的大力支持”，但肯尼迪二世和图尔西·加巴德在宣布支持前总统时，已不再被视为民主党人。#美国大选##俄罗斯[超话]##美国[超话]#","分类结果：体现政治方面意识形态

理由/依据：文本主要讨论了美国政治中的跨党派合作和内阁成员的选择，涉及特朗普和哈里斯的政治策略和态度。这些内容直接关联到政治意识形态，特别是关于党派合作和政治包容性的讨论。文本中没有明确涉及经济、文化、社会、环保、个人或技术发展方面的意识形态，因此这些类别不适用。",['政治'],"分类结果：中立

支持判断的关键信息和论据：
1. 文本中提到特朗普未来的内阁中可能会有民主党人，这表明一种跨党派合作的倾向，但这种倾向并不明确指向左倾或右倾。
2. 美国副总统候选人J.D.万斯提到特朗普获得了民主党人的支持，包括罗伯特·肯尼迪二世和前国会议员图尔西·加巴德，但这些人物在支持特朗普时已不再被视为民主党人，这表明支持可能更多基于个人而非党派立场。
3. 美国副总统卡玛拉·哈里斯表示愿意在自己的内阁中接纳共和党人，以团结美国社会并在决策过程中拥有替代观点，这也是一种跨党派合作的倾向，但同样不明确指向左倾或右倾。
4. 文本中没有明确表达对左倾或右倾意识形态的支持或反对，更多的是描述政治人物之间的互动和策略。

综上所述，文本整体上更倾向于中立，因为它主要描述了政治人物之间的跨党派合作倾向，而没有明确表达对左倾或右倾意识形态的支持或反对。",['中立'],1
如果美国的妇女已堕落成这样，那么收回妇女选举权也是一个选项，因为，妇女的选举权不是建立和发展民主政治的盛期所有的！#美国大选# ,,"['政治', '社会', '个人']","分类结果：右倾

关键信息和论据：
1. 文本中提到“如果美国的妇女已堕落成这样”，这种表述暗示了对妇女现状的负面评价，可能反映了对妇女权利和地位的保守看法。
2. “收回妇女选举权也是一个选项”这一提议直接挑战了妇女的选举权，这是典型的右翼保守立场，强调传统价值观和社会秩序。
3. “妇女的选举权不是建立和发展民主政治的盛期所有的”这句话进一步表明了对妇女选举权的质疑，认为其并非民主政治发展的必要条件，这种观点与左翼强调平等和权利扩展的立场相悖。

综上所述，文本中的观点和提议更倾向于右倾，反映了对妇女权利和选举权的保守和限制性态度。",['右倾'],1
民主的独裁。威胁或试图威胁竞争者。。  阴谋论出来了。#美国大选#大环境下   美国司法大资金伸手伸到 韩国台湾日本中国 巴西英国 facebook 推特 。战争时期中立是国力,"分类结果：体现政治方面意识形态、体现社会方面意识形态

理由/依据：
1. 体现政治方面意识形态：文本中提到的“民主的独裁”、“美国大选”、“美国司法大资金伸手伸到 韩国台湾日本中国 巴西英国”等内容，涉及对政治体制、选举、国际政治关系的描述和态度，体现了对政治权力、国际关系等方面的意识形态观点。
2. 体现社会方面意识形态：文本中提到的“威胁或试图威胁竞争者”、“阴谋论出来了”等内容，涉及对社会竞争、信息传播等方面的态度，体现了对社会现象、信息真实性等方面的意识形态观点。",['政治'],"分类结果：中立

支持判断的关键信息和论据：
1. 文本中提到的“民主的独裁”和“阴谋论”等词汇，虽然带有一定的批判性，但并未明确指向左倾或右倾的意识形态。
2. 提到的国家和地区（美国、韩国、台湾、日本、中国、巴西、英国）以及社交媒体平台（Facebook、推特）的提及，更多是描述性的，没有明显的意识形态倾向。
3. “战争时期中立是国力”这一表述，强调的是国家在战争中的中立立场，这与左倾或右倾的意识形态无关。

综上所述，文本没有明确展现左倾或右倾的意识形态态度，因此被归类为中立。",['左倾'],1
"【三级法院共同隐瞒证据，违法法官却得到表扬】
北京市高级人民法院付晓华、北京市第一中级人民法院张洪伟、北京市石景山区人民法院张英周形成违法犯罪团伙，制造窝案。北京市高级人民法院、北京市第一中级人民法院、北京市石景山区人民法院充当付晓华等人保护伞，拒不纠正冤假错案，多次妄图用“不存在”、“未发现”等形式主义违法回复给付晓华等人洗白，并多次打击报复当事人。
北京市石景山区人民法院张英周在（2018）京0107民初30489号案件中隐瞒证据。张英周将当事人提交的可以证明个人存款的极为关键的银行流水证据隐瞒，在判决书中只字不提。
北京市第一中级人民法院张洪伟在二审中违法维持原判（（2019）京01民终4897号），在判决书中对银行流水证据仍然只字不提。
北京市高级人民法院付晓华违法驳回再审申请（（2020）京民申1078号），在再审裁定书中仍然对银行流水证据只字不提。
关于张英周等人制造冤假错案的材料被多次转给北京市高级人民法院，他们拒不纠正自己制造的冤假错案，反而妄图通过回避问题，胡搅蛮缠给自己洗白。
更为荒唐的是，张英周竟然得到了法院的表扬！！！
#美国大选#","分类结果：体现政治方面意识形态、体现社会方面意识形态

理由/依据：
1. 体现政治方面意识形态：文本涉及司法系统的腐败和不公正行为，反映了对政治体制和司法独立性的质疑，这属于政治意识形态的范畴。
2. 体现社会方面意识形态：文本揭示了社会不公和司法不透明的问题，反映了对社会正义和公平的追求，这属于社会意识形态的范畴。

文本中提到的“#美国大选#”标签与内容无直接关联，因此不涉及其他意识形态的体现。","['社会', '个人']","文本整体上倾向于中立。文本主要描述了北京市三级法院在处理特定案件中的不当行为，包括隐瞒证据、违法维持原判和驳回再审申请等。这些内容主要涉及司法公正和法律执行的问题，并没有明确表达左倾或右倾的意识形态立场。因此，根据文本内容，无法明确判断其左倾或右倾的倾向，应归类为中立。

关键信息和论据：
1. 北京市高级人民法院、北京市第一中级人民法院、北京市石景山区人民法院在处理案件中涉嫌隐瞒证据和违法操作。
2. 张英周在特定案件中隐瞒了关键的银行流水证据。
3. 张洪伟在二审中违法维持原判，未提及银行流水证据。
4. 付晓华违法驳回再审申请，同样未提及银行流水证据。
5. 张英周等人制造的冤假错案材料被多次转给北京市高级人民法院，但未得到纠正。
6. 张英周竟然得到了法院的表扬。

这些信息主要关注司法系统的公正性和透明度，没有涉及左倾或右倾的意识形态内容。",['中立'],1
特朗普交易或哈里斯交易，指的是这两名候选人胜选后的市场走势和投资行为，这与他和她采取的经济政策和政治行动相关。由于两人的支持率差距不大，到底该押特朗普交易，还是哈里斯交易，华尔街面临选择。 #美国大选##美股##徐海乔 有效出镜# ,"分类结果：体现经济方面意识形态

理由/依据：文本主要讨论了特朗普和哈里斯两位候选人胜选后可能的市场走势和投资行为，这与他们可能采取的经济政策和政治行动相关。文本中提到的“特朗普交易”和“哈里斯交易”直接关联到经济政策和市场预期，因此体现了经济方面的意识形态。虽然文本涉及政治人物和选举，但并未明确表达对特定政治立场或政策的支持或反对，因此不直接体现政治意识形态。其他方面如文化、社会、环保、个人、技术发展等意识形态在文本中并未提及或体现。",['经济'],"分类结果：中立

支持判断的关键信息和论据：
1. 文本主要讨论了特朗普和哈里斯两位候选人的市场走势和投资行为，以及华尔街的选择，这些都是经济和市场层面的讨论，并未涉及明确的意识形态倾向。
2. 文本中提到的“特朗普交易”和“哈里斯交易”是基于两人的经济政策和政治行动，这些政策和行动的具体内容并未在文本中详细描述，因此无法判断其意识形态倾向。
3. 文本没有提及任何左派或右派的具体政策、观点或态度，也没有对任何一方进行明显的支持或批评。

综上所述，文本在意识形态倾向上是中立的。",['中立'],1
"美媒：美国有50多万失踪的移民儿童，许多人被贩 卖为企业奴 隶劳工。拜登 政 府 没有采取任何措施阻止这种情况，他们的开放边境政策鼓励了更多童 工的出现。

#海外新鲜事##热门视频##美国大选# http://t.cn/A6RorywL ","分类结果：体现政治方面意识形态、体现社会方面意识形态

理由/依据：
1. 体现政治方面意识形态：文本批评了拜登政府的开放边境政策，并指责其未采取措施阻止移民儿童失踪和被贩卖为劳工的情况，这反映了对特定政治政策和政府行为的负面态度。
2. 体现社会方面意识形态：文本关注的是移民儿童的社会问题，特别是他们的安全和福利，这涉及到社会公正和人权保护的社会意识形态。","['政治', '社会']","分类结果：右倾

关键信息和论据：
1. 文本提到“拜登政府没有采取任何措施阻止这种情况”，暗示对当前政府政策的批评。
2. 提到“他们的开放边境政策鼓励了更多童工的出现”，这通常是一个右翼观点，强调开放边境政策的负面影响。
3. 整体上，文本对拜登政府的移民政策持批评态度，这在美国政治语境中通常与右翼立场相关联。

这些元素表明文本倾向于右倾，因为它批评了通常与左翼政策相关联的开放边境政策，并暗示了这些政策的负面后果。",['左倾'],1
"#美国大选##大选#现任总统没有服兵役就登上了韩国军队最高职位。 乌克兰总统没有政治经验,著名演员也成为了总统。 连美国总统都是傀儡...不到30%的支持率
也就是说，如果没有经验，就可以成为长官，也可以成为总统。只有一天是民主主义？ ","分类结果：体现政治方面意识形态

理由/依据：文本主要讨论了不同国家领导人的背景和选举过程，特别是对现任美国总统、韩国军队最高职位者以及乌克兰总统的背景和经验提出了质疑。这些内容直接关联到政治领导人的合法性和民主选举的过程，反映了对政治制度和领导人选择机制的看法和态度，因此属于体现政治方面的意识形态。文本中没有明确涉及经济、文化、社会、环保、个人或技术发展方面的具体态度或立场，因此这些类别不适用。",['政治'],"分类结果：中立

支持判断的关键信息和论据：
1. 文本提到了美国、韩国和乌克兰的领导人，但没有明确表达对任何特定政治意识形态的支持或反对。
2. 文本中提到的“现任总统没有服兵役就登上了韩国军队最高职位”和“乌克兰总统没有政治经验,著名演员也成为了总统”是对事实的描述，没有明显的意识形态倾向。
3. “连美国总统都是傀儡...不到30%的支持率”这句话可能暗示对美国政治体制的批评，但这种批评并没有明确指向左倾或右倾的意识形态。
4. 最后一句“也就是说，如果没有经验，就可以成为长官，也可以成为总统。只有一天是民主主义？”是对民主制度的一种质疑，但这种质疑同样没有明确的意识形态倾向。

综上所述，文本主要是对政治现象的描述和质疑，没有明确表达左倾或右倾的意识形态，因此被归类为中立。",['左倾'],1
"#美国大选# 中国，居然成了美国精英们绕不过去的坎。

美国精英们对中国似乎有一种走火入魔式的迷恋。只要是大选，必然是成功拿捏中国话题者获胜。
在他们眼里，没有什么是非曲直，只有自己的利益。中国话题在他们手里可以翻手为云覆手为雨。

中国有句话叫“成也萧何败也萧何”。没想到中国话题居然也成了美国精英们抢夺权力的“萧何”。
以前，只要是把中国塑造成“十恶不赦”的美国敌人，那么必然选情一路看好。没有什么是非曲直，只是因为需要。
谁需要？
资本树立对手的需要。老百姓心里麻痹的需要。但中国话题也同样可以为了需要被美国精英们反转。

六年的经济战争，美国精疲力尽，债台高筑。中国制造业非但没倒下，反而越来越强了。中国科技没被压制，反而越来越有可能成为反噬美国科技的力量了。

中美在这六年中，在谁更需要谁的问题上，实际上已经反转了。
事实上，今天的美国更加需要中国。既然需要，就不能一味的抹黑了。所以，很可笑的一幕出现了。

2018年发起中美贸易战的主要推动者美国总统候选人特朗普居然开始“亲中”了。他公开宣称，自己当选后，一定要和中国搞好关系。
民主党候选人哈里斯早就表明了自己“亲近中国”的立场。特朗普先生当然不能落后了。

当然了，作为中国人我们心里都明白，无论是特朗普先生还是哈里斯女士的话我们绝对不能当真。因为美国政客无论说什么，都是为了选举。

中美之间的矛盾不是哪个总统候选人说了什么就会发生变化的。但美国总统大选这种严肃的事情越来越“儿戏”化，却让人对美国的未来感到悲观。
一个世界霸主的总统都是如此出尔反尔，它的未来还有什么希望？","分类结果：体现政治方面意识形态、体现经济方面意识形态

理由/依据：
1. 体现政治方面意识形态：文本主要讨论了美国大选中中国话题的使用，以及美国政治精英如何利用中国话题来影响选举结果，这直接关联到政治策略和意识形态的运用。
2. 体现经济方面意识形态：文本提到了中美之间的经济战争，以及中国制造业和科技的发展对美国的影响，这些内容反映了经济层面的意识形态，特别是关于全球经济竞争和国家利益的视角。",['政治'],"分类结果：中立

支持判断的关键信息和论据：
1. 文本主要讨论了美国大选中中国话题的使用，以及美国精英们如何根据自身利益调整对中国态度，没有明确表达左倾或右倾的意识形态立场。
2. 文中提到特朗普和哈里斯两位总统候选人对中国的态度变化，但并未对其政策或立场进行左倾或右倾的评价，而是指出这些变化主要是为了选举利益。
3. 文本批评了美国政治中的实用主义和选举策略，但并未表现出对特定政治派别的支持或反对，因此整体上保持中立。

综上所述，文本在意识形态倾向上属于中立，因为它没有明确支持或反对任何特定的左倾或右倾立场，而是集中讨论了美国政治中对中国话题的策略性使用。",['中立'],1
"【媒体：哈里斯无意对中国挑起新争端，但将反制破坏稳定行为】#美国大选# 外媒援引民意调查称，美国民众希望美国对中国采取更为强硬的态度，而民主党总统候选人哈里斯竞选团队释放的信号显示，哈里斯无意对中国挑起新争端，进一步加深世界两大经济体之间的裂痕并没有好处，但该坚持的立场决不会退让。#哈里斯叫嚣21世纪赢家是美国不是中国#

文章称，这与哈里斯的共和党对手、前总统特朗普的立场形成鲜明对比。特朗普主张对中国进口产品征收60%关税。

美国总统拜登退选后，哈里斯的首席外交政策顾问戈登在写给美国国家安全专家的一份报告中说，哈里斯一直致力于“负责任地管理美中竞争关系”。报告没有写明哈里斯的政纲，对于关税也只字不提，反而重点提到哈里斯于2022年11月在泰国曼谷与中国国家主席习近平的会晤。

外媒预计哈里斯将在半导体技术、台湾问题和南海争端等问题上继续与中国对抗。一名不愿具名的哈里斯助理说，哈里斯将继续致力于反制中国破坏全球稳定的行为。","分类结果：体现政治方面意识形态、体现经济方面意识形态

理由/依据：
1. 体现政治方面意识形态：文本中提到了哈里斯对中国的态度和政策，包括“负责任地管理美中竞争关系”和反制中国破坏全球稳定的行为，这些都是政治决策和立场的体现。
2. 体现经济方面意识形态：文本提到了特朗普主张对中国进口产品征收60%关税，以及哈里斯在半导体技术等问题上的立场，这些都是经济政策和贸易立场的体现。","['政治', '经济']","分类结果：中立

支持判断的关键信息和论据：
1. 文章提到哈里斯无意对中国挑起新争端，这表明她倾向于避免激化矛盾，这并不明显偏向左倾或右倾。
2. 哈里斯竞选团队强调“负责任地管理美中竞争关系”，这种表述较为中立，没有明显的意识形态倾向。
3. 文章提到哈里斯将继续在半导体技术、台湾问题和南海争端等问题上与中国对抗，这表明她在某些问题上持强硬立场，但这并不足以说明其整体意识形态倾向。
4. 文章没有提及哈里斯的政纲或具体政策，如关税等，这使得难以判断其具体的意识形态倾向。

综上所述，文章中的信息不足以明确支持哈里斯的意识形态倾向为左倾或右倾，因此整体上更倾向于中立。",['中立'],1
"#美国大选# 特朗普连发3张图片，从治安和免费医疗等攻击哈里斯有关非法移民的政策，别说，这三张图看起来还挺简单直接。

8月29号，哈里斯接受了CNN的专访，这也是哈里斯在成为民主党候选人后首次接受媒体采访，采访中哈里斯表示其关于移民管控等问题上的立场不变。在2020年的竞选中，哈里斯明确表示支持为美国的非法移民提供免费、全面的医疗保健。也就是说哈里斯在今年的大选中大概率还是坚持该观点，这也成为特朗普对哈里斯的主要攻击点。

2021年3年，哈里斯作为副总统开始负责美国和墨西哥边境的非法移民问题，美国官方的统计称，拜登就职以来，已有超过1000万非法移民涌入美国。有美媒统计，非法移民每年花费每位美国纳税人1156美元(2024年美国大约有1.48亿纳税人)，非法移民缴纳的税款仅占他们在美国个阶层消耗成本的六分之一。","分类结果：体现政治方面意识形态、体现经济方面意识形态

理由/依据：
1. **政治方面意识形态**：文本涉及美国大选、特朗普和哈里斯的政策对比，特别是关于非法移民的政策。特朗普通过发布图片攻击哈里斯的政策，这体现了政治竞争和意识形态的对立。
2. **经济方面意识形态**：文本提到非法移民每年花费每位美国纳税人1156美元，以及非法移民缴纳的税款仅占他们在美国各阶层消耗成本的六分之一。这些数据反映了对非法移民经济影响的讨论，体现了经济方面的意识形态。

文本中没有明确的文化、社会、环保、个人或技术发展方面的意识形态态度，因此这些类别不适用。",['政治'],"分类结果：右倾

支持判断的关键信息和论据：
1. 特朗普通过发布图片攻击哈里斯关于非法移民的政策，特别是免费医疗政策，这通常反映了右翼对移民问题的强硬立场和对社会福利的批评。
2. 哈里斯支持为非法移民提供免费、全面的医疗保健，这一立场通常与左翼政策相符，但文本中主要是通过特朗普的攻击来呈现这一信息，强调了右翼对这一政策的反对。
3. 文本提到非法移民对美国纳税人的经济负担，这是右翼常用的论据，用来批评左翼的移民政策。

整体上，文本通过强调特朗普对哈里斯政策的攻击和非法移民的经济影响，展现了右倾的意识形态倾向。",['右倾'],1
#美国大选#   扎克伯格“变节”！揭秘拜登执政劣迹，特朗普可能真的会上台。#今日美国##特朗普总统# http://t.cn/A6RCgh3b ,"分类结果：体现政治方面意识形态

理由/依据：文本涉及美国大选、扎克伯格对拜登执政的评价以及特朗普可能上台的预测，这些都是政治事件和人物的讨论。文本中提到的“变节”和“揭秘拜登执政劣迹”表明了对拜登政府的负面态度，以及对特朗普可能上台的期待，这体现了对政治事件的具体态度和立场，因此属于体现政治方面意识形态。",['政治'],"分类结果：右倾

支持判断的关键信息和论据：
1. 文本中提到“扎克伯格‘变节’”，暗示了对扎克伯格（通常被视为左倾或中立）的批评，这种批评可能来自右倾立场。
2. 文本提到“揭秘拜登执政劣迹”，直接批评了拜登（通常被视为左倾）的执政表现，这种批评通常来自右倾立场。
3. 文本提到“特朗普可能真的会上台”，表达了对特朗普（通常被视为右倾）可能再次上台的期待或预测，这种表达通常来自右倾立场。

综上所述，文本整体上更倾向于右倾。",['右倾'],1
白灯的意思是坚决不放开武器使用。。。白灯哈里斯热爱着对此怎么看？？？[笑cry][笑cry][笑cry] #美国大选# #特朗普# #哈里斯正式接受总统候选人提名# ,"分类结果：体现政治方面意识形态

理由/依据：文本中提到了“白灯”（可能指代美国总统拜登）和“哈里斯”（美国副总统），并涉及“武器使用”和“美国大选”等政治话题。这些内容直接关联到政治决策和选举，展现了作者对这些政治事件的态度和看法，因此体现了政治方面的意识形态。",['政治'],"分类结果：中立

分析：文本中提到的“白灯”和“哈里斯”可能是指美国政治人物，但文本内容主要是对某个事件或言论的调侃和表情符号的使用，并没有明确表达左倾或右倾的意识形态态度。文本中的“坚决不放开武器使用”可能涉及枪支政策，但没有明确的立场表达。因此，根据提供的信息，文本的意识形态倾向应被归类为中立。",['中立'],1
"#美国大选#
重回微博的重要一个原因就是因为美国大选。

关注美国大选，并不代表我支持谁，或者反对谁。我们支不支持对结果没任何影响。
而是因为美国的巨大体量，所引发的影响，
大到世界局势，地区和平。
小到金融，制造，民生，投资，医疗，教育，产业结构，甚至收入，菜价你的生活方方面面都会触及，
所谓蝴蝶效应。

所以大家需要真实的信息来判断，
从而更好的应对，规划。
神兽终于回归校园，接下来的时间，我会努力把更多，更真实的信息带给大家。

遗憾的是，微博关于美国大选的假信息泛滥，
我不能理解那些为了自己立场编造信息的博主，你忽悠简中粉丝有啥用？他们又没选票。当然你想割粉丝韭菜，那就是另外一回事了。

求真求实求是，吾辈共勉！","分类结果：体现政治方面意识形态、体现经济方面意识形态、体现社会方面意识形态

理由/依据：
1. 体现政治方面意识形态：文本关注美国大选及其对世界局势和地区和平的影响，反映了对国际政治动态的关注和态度。
2. 体现经济方面意识形态：文本提到美国大选对金融、制造、民生、投资、医疗、教育、产业结构和收入等方面的影响，显示了对经济领域的关注和态度。
3. 体现社会方面意识形态：文本关注美国大选对个人生活的影响，如菜价等，以及对信息真实性的追求，反映了对社会现象和个人生活质量的关注和态度。",['政治'],"分类结果：中立

支持判断的关键信息和论据：
1. 文本作者表示关注美国大选并不代表支持或反对任何一方，这表明作者没有明确的意识形态倾向。
2. 作者关注美国大选的原因是美国的巨大体量对世界和个人的广泛影响，这种关注是基于实际影响而非意识形态立场。
3. 作者批评微博上关于美国大选的假信息泛滥，并强调求真求实的重要性，这表明作者重视事实和真相，而不是基于某种意识形态的偏见。
4. 文本中没有明确表达对左派或右派的支持或反对，作者的立场是模糊的，因此应被归类为中立。",['中立'],1
我们翻译的'美国为何'系列都是#美国大选#候选人关心和辩论的话题，移民，医疗，育儿，工作。大家可用我们的目录点看之前各集。 ,"分类结果：体现社会方面意识形态

理由/依据：文本提到的移民、医疗、育儿和工作等话题，都是社会政策和社会福利的重要组成部分，这些话题通常涉及到社会公平、资源分配和社会结构等社会意识形态的讨论。文本虽然没有明确表达具体的政治立场或态度，但这些话题本身是社会意识形态讨论的常见领域。因此，可以认为文本体现了社会方面的意识形态。",['社会'],"分类结果：中立

分析：文本主要介绍了翻译的“美国为何”系列内容，涉及美国大选候选人关心和辩论的话题，如移民、医疗、育兒和工作。这些话题本身并不直接体现左倾或右倾的意识形态倾向，而是美国政治中常见的讨论议题。文本没有表现出对任何特定政治立场的支持或反对，因此应归类为中立。",['中立'],1
"美国“驰名双标”——哈里斯
卡马拉·哈里斯说，“X需要被撤下，因为发布的内容没有监督或监管。”而她却不断发布有关特朗普和“2025计划”的帖子！#美国##哈里斯##美国大选# http://t.cn/A6RpwFvk ","分类结果：体现政治方面意识形态

理由/依据：文本主要讨论了美国副总统卡马拉·哈里斯对社交媒体内容监管的态度，以及她对特朗普和“2025计划”的公开批评。这些内容直接关联到政治人物和政策的讨论，展现了作者对政治事件的态度和立场，因此属于体现政治方面的意识形态。",['政治'],"分类结果：中立

分析：文本主要批评了卡马拉·哈里斯的行为，指出她在要求撤下某些内容的同时，自己却发布有关特朗普和“2025计划”的帖子。这种批评并没有明确展示出左倾或右倾的意识形态倾向，而是对个人行为的批评。因此，整体上文本的意识形态倾向是中立的。

关键信息和论据：
1. 卡马拉·哈里斯要求撤下某些内容，理由是这些内容没有监督或监管。
2. 哈里斯自己却发布有关特朗普和“2025计划”的帖子。
3. 文本通过对比哈里斯的行为，批评她的“双标”行为，但没有涉及左倾或右倾的意识形态立场。",['中立'],1
#美国大选# 前美国总统特朗普（Donald Trump）声称他有“完全权利”干涉选举。CNN评论员认为：“特朗普有权利挑战对他认为不公正的结果。但他没有权利去做法院不允许做的事情#热门视频# http://t.cn/A6Rptsed ,"分类结果：体现政治方面意识形态

理由/依据：文本主要涉及美国大选和特朗普对选举结果的干预，这直接关联到政治权力、选举公正性和法律规范等政治意识形态的核心议题。CNN评论员的评论也反映了对政治行为和法律界限的态度，进一步强化了文本的政治意识形态属性。",['政治'],"分类结果：中立

支持判断的关键信息和论据：
1. 文本中提到了前美国总统特朗普的声明，他声称有“完全权利”干涉选举，这反映了他的个人立场，但文本本身并未明确支持或反对这一立场。
2. CNN评论员的观点被引用，指出特朗普有权利挑战他认为不公正的结果，但没有权利做法院不允许的事情。这一评论保持了对特朗普行为的客观评价，没有表现出明显的左倾或右倾倾向。
3. 整体上，文本主要是对特朗普声明的报道和评论员的客观分析，没有明显的意识形态倾向。

因此，根据文本内容，整体上更倾向于中立。",['右倾'],1
民主党最不愿意看到的情况发生了，小罗伯特肯尼迪宣布退出大选后竟然出现在特朗普的竞选集会上。#美国大选##特朗普# http://t.cn/A6RpvMu4 ,"分类结果：体现政治方面意识形态

理由/依据：文本涉及美国大选和两位政治人物（小罗伯特肯尼迪和特朗普）的行为，直接关联到政治活动和选举策略，展现了政治方面的意识形态。文本通过描述肯尼迪退出大选后出现在特朗普的竞选集会上，反映了政治联盟和策略的变化，这是政治意识形态的直接体现。",['政治'],"分类结果：中立

分析：
1. 文本提到“民主党最不愿意看到的情况”，这表明文本在提及民主党时带有一定的负面情感，但并未明确表达对左派或右派的直接支持或反对。
2. 提到“小罗伯特肯尼迪宣布退出大选后竟然出现在特朗普的竞选集会上”，这里提到了特朗普，但并未对其政策或立场进行评价，只是陈述了一个事实。
3. 文本中没有明确表达对左派或右派意识形态的支持或反对，只是报道了一个政治事件，因此整体上更倾向于中立。

关键信息和论据：
- 提及民主党，但未明确表达支持或反对。
- 提及特朗普，但未对其政策或立场进行评价。
- 整体内容为政治事件的报道，未展现明确的意识形态倾向。",['中立'],1
美国大选乌泱乌泱很多人投票， 实际上是几个州， 或者是几个选区最终决定谁当总统。 大家都在猜到底是哪几个选区， 这些地方肯定是重点照顾的对象。 要是有可能的话， 他们会一家一户拉票的， 最后就是人盯人确保票数的。 这些地方的广告投入也特别多。 其他的地方吗， 不是说不重要， 只是不那么重要啦#美国##美国大选#,"分类结果：体现政治方面意识形态

理由/依据：文本主要讨论了美国大选的投票过程和策略，特别是几个关键州或选区在决定总统选举结果中的重要性。这涉及到政治策略和选举机制，反映了对政治过程的理解和态度，因此属于体现政治方面的意识形态。文本中没有明确表达对经济、文化、社会、环保、个人或技术发展的具体态度，因此这些类别不适用。",['政治'],"分类结果：中立

分析：文本主要描述了美国大选的投票过程和策略，包括重点选区的关注、拉票方式以及广告投入等。这些内容主要涉及选举机制和策略，并没有明确表达左倾或右倾的意识形态立场。因此，根据提供的信息，文本的意识形态倾向应被归类为中立。",['中立'],1
"麦凯恩的小儿子 Jim McCain ：“我觉得卡马拉·哈里斯和蒂姆·沃尔兹代表了一群将帮助这个国家变得更好的人，他们将带领我们前进。”
#微博跨域计划##美国大选# ","分类结果：体现政治方面意识形态

理由/依据：文本中提到的卡马拉·哈里斯和蒂姆·沃尔兹是美国政治人物，麦凯恩的小儿子Jim McCain对他们的评价表明了对他们政治能力和领导力的认可，这直接关联到政治意识形态，特别是关于领导力和国家发展方向的观点。文本中没有明确提到经济、文化、社会、环保、个人或技术发展方面的具体态度，因此这些类别不适用。",['政治'],"分类结果：中立

分析：
1. 文本中提到的卡马拉·哈里斯（Kamala Harris）和蒂姆·沃尔兹（Tim Walz）都是美国民主党成员，通常与左倾政策相关联。
2. Jim McCain的言论表达了对这两位政治人物的支持，认为他们能够带领国家变得更好。
3. 然而，文本并没有明确表达出对左倾或右倾意识形态的强烈支持或反对，只是表达了对特定政治人物的正面看法。
4. 由于缺乏明确的意识形态倾向表达，文本应被归类为中立。

关键信息和论据：
- 卡马拉·哈里斯和蒂姆·沃尔兹是民主党成员，通常与左倾政策相关。
- Jim McCain的言论是对这两位政治人物的支持，但没有明确表达出对左倾或右倾意识形态的强烈支持或反对。",['左倾'],1
#美国大选#在美国 在俄罗斯 不可能出现 亚系女总统。女性政治家少#美国大选#我说了不算 ,"分类结果：体现政治方面意识形态、体现社会方面意识形态

理由/依据：
1. 体现政治方面意识形态：文本提到了美国大选和女性政治家，涉及政治选举和性别在政治中的代表性，反映了对政治体系中性别平等的关注。
2. 体现社会方面意识形态：文本讨论了女性在政治领域的代表性不足，这涉及到社会对性别角色的看法和性别平等的社会议题。","['政治', '社会', '个人']","分类结果：中立

分析：文本内容主要涉及对美国大选中女性政治家数量的观察，提到在美国和俄罗斯不太可能出现亚系女总统，并指出女性政治家较少。这些陈述主要是对政治现象的描述，并没有明确表达左倾或右倾的意识形态态度。因此，根据提供的信息，文本的意识形态倾向应被归类为中立。",['左倾'],1
"【#特朗普爆料对俄中有秘密策略#待大选后再揭晓】当地时间9月3日，英国《每日邮报》发布了在海湖庄园对美国前总统特朗普进行的专访。

特朗普在访谈中透露，他有一个明确的计划来结束俄乌冲突。此外，针对中美对话以避免冲突一事，特朗普表示对此也有特定的策略。不过，他表示只有在11月成功赢得美国总统大选后，他才会公布这些计划，并强调“事以密成”的重要性。#俄乌局势##美国##特朗普##美国大选# http://t.cn/A6R0BvKd","分类结果：体现政治方面意识形态

理由/依据：文本主要涉及特朗普对俄乌冲突和中美关系的策略，这些内容直接关联到国际政治和外交政策，属于政治意识形态的范畴。特朗普提到只有在赢得大选后才会公布这些计划，这进一步强调了其政治策略和意识形态的关联性。文本中没有明确表达对经济、文化、社会、环保、个人或技术发展的具体态度，因此这些方面的意识形态未被体现。",['政治'],"分类结果：中立

支持判断的关键信息和论据：
1. 文本主要报道了特朗普关于俄乌冲突和中美对话的策略，这些内容并未明确展现左倾或右倾的意识形态态度。
2. 特朗普提到“事以密成”的重要性，这更多是关于策略保密性的表述，而非意识形态倾向。
3. 文本中没有提及具体的政策内容或意识形态立场，因此无法从中判断出明确的左倾或右倾倾向。

综上所述，文本在意识形态倾向上应被归类为中立。",['中立'],1
"特朗普暗示：若胜选，将公开爱泼斯坦“萝莉岛”客户名单

据《国会山报》等美媒3日报道，当地时间周二，美国共和党总统候选人特朗普在参加博客节目时暗示，如果11月他拿下2024美国大选，他将会公开美国“淫魔富豪”爱泼斯坦的“萝莉岛”客户名单。

听到节目主持人莱克斯·弗里德曼（Lex Fridman）说到“萝莉岛”客户名单至今仍未公开“非常奇怪”时，特朗普赞同道，“是啊，这很有趣，不是吗？”

在表达自己对公开爱泼斯坦客户名单的态度时，特朗普提到了其在2016至2020年的总统任期中，被阻止公布与前总统约翰·肯尼迪遇刺案有关的文件，“但肯尼迪和爱泼斯坦的事情非常不同，我倾向于（公布）爱泼斯坦的事情。我对此没有意见。”

“我可能会这么做，我肯定会看一看”，他补充道。

根据视频内容，在谈到爱泼斯坦的“萝莉岛”时，作为家喻户晓的“爱泼斯坦密友”，特朗普迅速撇清关系，“我没有参与其中，幸运的是，我从未去过他的岛。但很多人都这么做了。”

弗里德曼继而追问道，为什么会有“这么多聪明，又有权势的人”允许爱泼斯坦亲近自己。

“他是个出色的推销员。他是个热情洋溢的人。他有一些不错的资产，他会到处炫耀，比如那些岛。”话及此处，特朗普又强调了一遍，“很多大人物都去了那个岛屿。但幸运的是，我不是其中之一。”
美国前亿万富翁爱泼斯坦曾是名金融家，与众多政商界人士和权贵名流交往密切。2019年7月6日，爱泼斯坦涉嫌合谋拐卖和性剥削未成年女性被捕。在美属维尔京群岛的私人岛屿上，爱泼斯坦及其前女友马克斯韦尔将岛屿打造成了“成人乐园”，供权贵阶层享乐，多名未成年人成为受害者，因此这座岛屿也有个外号叫“萝莉岛”。

而就在外界以为“萝莉岛案”能得以水落石出之时，爱泼斯坦在被捕一个月后突然在狱中身亡，死时66岁。虽然法医认定为用床单“自缢而亡”，但其死因始终存在诸多疑点和争议。一份据称记录了其萝莉岛客户的名单也随之引入尘埃，不得而知。

直到今年年初，纽约曼哈顿联邦法官发布法庭令，要求公开数百份密封的法庭文件，其中包括披露上百名与爱泼斯坦案件有关联的人物身份，“爱泼斯坦案”数千页解密文件一度引发轰动。

陆续公布的解密文件中提及近200人，其中涉及美国前总统克林顿，美国前副总统戈尔，英国安德鲁王子，以色列前总理巴拉克等权贵；也涉及魔术师大卫·科波菲尔、演员凯文·史派西等文艺界名流。

不过美媒分析指出，法庭文件中出现某些名字，并不意味着这个人曾登上“萝莉岛”或参与过爱泼斯坦组织的性交易，仅能说明他们之间有过交往。

这也就是为什么虽然特朗普的名字也出现在文件中，但并未引起争议的原因，毕竟他与爱泼斯坦私交甚密本就不是什么秘密。

特朗普早在2002年就说自己与爱泼斯坦已经认识了15年，还称赞对方是一个“了不起的家伙”；根据飞行日志，特朗普还曾7次乘坐爱泼斯坦的私人飞机，往返于佛罗里达州棕榈滩和纽约。几人私下的合影更是在网上随处可见。

特朗普没有因被法律文件提及而受到任何不当行为指控。此后他也否认自己曾登上过爱泼斯坦的“萝莉岛”，并称两人早已闹掰，最后一次交谈都已经是十多年前的事。
随着爱泼斯坦案越来越多的细节被解密，美国政商两界之间千丝万缕讳莫如深的关系再度引发关注，两党政客都忙着和爱泼斯坦撇清关系。

在特朗普暗示要公开名单以前，一直在强调特朗普与爱泼斯坦之间关联的是民主党阵营。譬如，特朗普的海湖庄园与爱泼斯坦的棕榈滩别墅仅相距约两公里，爱泼斯坦的一名女“按摩师”是从海湖庄园俱乐部跳槽过去的云云，都是民主党的攻击点。复联“绿巨人”的扮演者、民主党活动家马克·鲁法洛为发布AI照片造谣特朗普登上过“萝莉岛”而道歉后，特朗普还专门斥责道，“这就是民主党人对共和党对手所做的事情”。

在美国纽黑文大学刑事司法助理教授保罗·布莱克利看来，在美国党争加剧的背景下，爱泼斯坦案过去是、现在仍然是一个“有用的政治工具”。尤其在美国大选这一关键时刻，爱泼斯坦案成了两党交锋的发力点。

👇2024年1月15日，央视揭露爱泼斯坦名单事件始末

杰弗里·爱泼斯坦，美国人，亿万富豪。爱泼斯坦在美国政商界人脉极广，他曾将一座私人岛屿打造成所谓“萝莉岛”，以招募按摩师为由诱拐年轻女孩提供性交易，供权贵阶层享乐。2019年，爱泼斯坦因涉嫌进行性交易及合谋拐卖未成年女性被捕并被起诉，在狱中等待审判期间神秘死亡，留下重重疑问。而就在上周，随着一批法庭文件被解密，一份涉及上百人的“爱泼斯坦名单”被公开，再度引发轩然大波。
#特朗普称胜选将公开萝莉岛客户名单##美国大选# http://t.cn/A6ROS1Ma","该文本主要体现**政治方面意识形态**和**社会方面意识形态**。

1. **政治方面意识形态**：文本涉及美国大选、两党斗争、政治人物之间的攻击和辩护，以及利用爱泼斯坦案作为政治工具的现象。特朗普暗示公开爱泼斯坦客户名单的行为，以及民主党对特朗普的攻击，都反映了政治斗争中的意识形态对立和策略运用。

2. **社会方面意识形态**：文本揭示了社会上层权贵与性剥削、未成年人受害等社会问题的关联，反映了社会对权贵阶层行为的关注和批判。爱泼斯坦案及其引发的社会讨论，体现了对社会正义、道德和法律的关注。

其他方面如经济、文化、环保、个人、技术发展等意识形态在文本中并未明显体现，因此不归类。","['政治', '社会']","分类结果：中立

支持判断的关键信息和论据：
1. 文本主要报道了特朗普暗示如果胜选将公开爱泼斯坦“萝莉岛”客户名单的言论，以及爱泼斯坦案件的相关背景和影响。
2. 特朗普在言论中并未明确表达左倾或右倾的意识形态立场，而是聚焦于公开名单的可能性及其个人与爱泼斯坦的关系。
3. 文本中提到民主党阵营对特朗普与爱泼斯坦关系的攻击，以及特朗普对此的反击，但这更多是两党之间的政治斗争，而非意识形态的直接体现。
4. 文本还提到爱泼斯坦案成为两党交锋的发力点，但这同样不直接反映左倾或右倾的意识形态倾向。

综上所述，文本主要围绕特朗普的言论和爱泼斯坦案件展开，没有明确展现左倾或右倾的意识形态态度，因此被归类为中立。",['中立'],1
"#俄乌局势新进展# #美国大选# 俄罗斯卫星通讯社华盛顿电： 美国财政部在声明中表示，美国对“今日俄罗斯”媒体集团、俄新社、RT、卫星通讯社、Ruptly实施制裁。
声明中说：“‘今日俄罗斯’媒体集团及其旗下5家单位-俄新社、RT、TV-Novosti、Ruptly、卫星通讯社被纳入财政部制裁名单”。
美国财政部在声明中指出，美国当局将上述媒体机构列入外国使团名单，已采取措施实行签证限制，并对提供有关外国干预美国选举的信息给予最高1000万美元奖励。
美国财政部在9月4日发布的声明中表示，新一轮美国制裁对象包括“今日俄罗斯”主编、RT主编玛加丽塔·西蒙尼扬以及RT电视台多名高层管理人员。
——无能且滑稽！
@美国驻华大使馆  @美国驻广州总领事馆","分类结果：体现政治方面意识形态

理由/依据：文本主要涉及美国对俄罗斯媒体机构的制裁措施，这直接关联到国际政治关系和外交政策。文本中提到的制裁行为、签证限制以及对提供信息奖励的措施，都是政治决策的体现，反映了美国政府对俄罗斯媒体的政治立场和态度。因此，这属于政治方面的意识形态体现。",['政治'],"分类结果：中立

支持判断的关键信息和论据：
1. 文本主要报道了美国财政部对俄罗斯媒体集团的制裁措施，包括将相关媒体机构列入制裁名单和外国使团名单，实施签证限制，以及对提供外国干预美国选举信息的奖励。
2. 文本内容主要是事实陈述，没有明显的左倾或右倾的意识形态倾向表达。
3. 文本中提到的“无能且滑稽！”这一评论，虽然带有一定的情绪色彩，但并未明确指向左派或右派的意识形态立场，因此不足以改变整体中立的判断。

综上所述，文本整体上更倾向于中立，因为它主要提供了事实信息，而没有明确的左倾或右倾的意识形态倾向。",['中立'],1
